cgpa_gap,skill_match_count,current_year,tenth_pct,twelfth_pct,is_eligible
0.64,1,1,72.7,88.0,1
-0.43,1,4,86.5,77.1,0
1.0,1,3,88.8,100.0,1
1.15,2,2,72.8,79.5,1
-1.16,1,2,70.6,74.9,0
-0.64,4,1,85.4,82.3,0
0.5,1,1,83.7,72.3,1
0.15,4,3,63.9,56.3,1
0.39,2,1,66.7,73.4,1
-0.28,5,3,52.6,73.2,1
1.1,4,2,84.0,58.5,1
1.02,7,1,75.4,75.2,1
0.45,3,3,76.4,53.3,1
1.3,2,3,61.1,72.2,1
0.77,4,3,67.0,78.7,1
-0.29,5,1,73.2,77.1,0
0.7,3,3,71.3,71.5,1
-0.37,4,4,79.2,75.1,1
1.1,3,2,83.8,67.4,1
0.36,2,4,100.0,76.1,1
0.25,2,3,77.8,76.6,1
-0.14,7,2,89.2,66.1,1
1.38,5,4,69.7,78.9,1
0.28,0,4,61.3,78.9,0
0.06,7,1,74.5,74.2,1
0.12,5,4,62.0,100.0,1
0.83,0,1,78.1,74.5,0
0.69,5,1,70.2,72.9,1
0.73,4,1,58.5,71.4,1
0.74,7,2,95.4,65.3,1
2.11,3,4,72.6,83.5,1
0.07,4,3,61.6,68.5,1
-0.01,2,3,87.0,69.8,0
-0.25,2,1,70.7,70.1,0
0.89,4,3,88.9,65.2,1
1.3,6,2,70.7,56.7,1
0.31,7,2,72.6,70.9,1
-0.27,6,2,81.4,85.6,1
-0.26,4,1,83.9,78.2,1
0.92,4,4,85.7,93.2,1
0.99,2,3,77.1,84.3,1
0.83,6,2,83.3,81.8,1
-0.13,2,1,85.5,96.7,1
0.59,2,4,80.0,74.9,1
0.49,6,2,76.6,76.7,1
0.57,4,2,63.5,75.9,1
1.1,2,3,84.0,93.0,1
0.58,6,1,78.4,76.0,1
0.94,7,3,73.9,68.9,1
0.45,2,4,90.8,82.5,1
0.63,4,2,63.7,67.0,1
0.91,3,1,94.4,81.9,1
-0.77,5,1,77.8,80.6,1
0.14,7,1,81.2,73.9,1
0.02,4,3,74.0,82.2,1
-0.11,6,2,61.3,59.6,1
0.18,4,1,76.6,77.8,1
1.6,7,3,81.3,70.9,1
-0.29,3,1,84.8,100.0,1
1.17,3,2,76.0,77.7,1
-0.95,3,4,56.1,69.4,0
0.13,7,1,62.6,60.8,0
0.53,4,1,98.5,90.4,1
0.87,1,2,67.1,72.1,1
0.97,0,3,92.3,67.3,1
1.03,4,1,68.7,79.7,1
0.12,6,4,76.2,83.1,1
0.03,3,1,84.3,83.0,1
1.09,4,4,69.8,76.2,1
0.25,6,3,93.9,77.8,1
-0.62,4,1,78.8,78.6,0
-0.51,7,1,82.6,79.7,1
-0.34,5,1,75.3,80.7,1
0.8,5,2,84.6,88.0,1
0.51,6,2,93.8,76.6,1
0.95,5,3,76.7,67.0,1
0.06,0,2,95.3,74.4,0
0.53,3,3,71.9,84.3,1
0.9,1,2,85.6,56.3,1
0.15,4,2,82.9,56.4,1
0.77,1,2,67.3,86.1,1
-0.13,4,2,80.1,92.7,1
0.11,2,4,78.1,62.1,1
0.09,0,1,69.5,77.1,0
-0.56,0,2,81.6,71.6,0
0.79,4,4,79.5,73.1,1
0.02,0,3,77.3,79.4,0
0.41,6,1,77.3,61.8,1
0.78,6,4,77.1,63.8,1
0.76,5,1,74.3,72.7,1
0.93,1,1,79.4,74.4,0
0.32,6,2,71.6,63.6,1
0.06,5,3,100.0,84.7,1
0.34,3,1,63.9,71.4,1
-0.95,0,4,72.2,71.4,0
-0.76,4,1,72.9,79.1,0
-0.66,6,4,98.4,74.6,1
-0.4,0,1,64.8,85.2,0
0.72,0,2,82.3,65.7,1
-0.32,3,3,80.5,60.6,0
0.1,4,2,81.3,72.6,1
1.44,3,3,90.4,76.7,1
0.11,3,3,90.2,62.4,1
0.99,2,3,73.5,60.7,1
-0.35,0,2,79.9,78.0,0
0.24,0,4,59.4,67.7,0
-0.36,0,3,79.0,60.0,0
0.13,5,2,70.1,86.6,1
1.07,6,3,76.1,69.1,1
-0.98,3,4,61.1,88.6,0
0.75,0,4,82.0,76.3,0
0.59,3,3,61.0,79.2,1
-0.08,7,4,79.5,73.7,1
-0.76,1,4,65.7,46.8,0
0.46,3,2,69.5,63.5,1
-0.02,4,3,89.5,74.6,1
0.59,2,1,83.9,80.0,1
0.42,3,2,89.5,56.3,1
1.68,3,4,93.6,75.4,1
0.21,3,2,70.3,63.7,1
-0.42,5,4,93.0,78.6,1
0.54,4,2,63.3,75.8,1
0.58,0,1,85.5,84.2,0
1.49,0,1,73.1,87.7,1
1.07,3,3,68.7,81.0,1
0.69,7,2,84.1,85.5,1
1.57,0,3,87.4,72.1,1
-0.55,0,1,87.2,100.0,0
-0.11,5,2,80.1,62.6,1
-0.34,3,1,79.3,70.2,0
0.09,1,2,83.3,85.9,1
-0.7,1,4,81.0,84.3,0
0.91,5,1,83.4,81.4,1
0.22,4,3,80.0,83.4,1
-0.78,5,1,86.4,53.1,0
-0.41,2,3,61.7,93.5,0
0.65,4,4,76.7,73.8,1
1.07,6,2,64.2,89.7,1
2.0,2,1,80.8,53.6,1
2.73,3,3,94.4,78.8,1
0.73,1,2,73.3,69.8,0
-0.39,5,4,79.3,82.3,1
-1.31,0,4,85.6,79.5,0
0.61,1,3,57.3,80.0,1
-0.25,5,3,72.8,64.4,1
0.07,0,3,81.6,75.4,0
-0.09,7,3,49.0,74.0,1
0.29,3,2,68.2,81.4,1
1.25,3,4,89.0,86.9,1
0.53,4,2,88.0,77.7,1
0.27,5,1,81.7,62.0,1
-0.43,3,3,86.8,77.2,1
-0.94,7,3,80.2,100.0,1
0.01,7,4,83.6,94.1,1
0.36,1,2,74.8,43.3,0
1.81,5,2,79.2,76.7,1
0.5,2,3,71.7,86.3,0
1.19,7,2,90.6,74.0,1
0.0,2,4,93.2,70.9,1
-0.55,2,2,91.8,73.1,0
-0.37,5,4,73.9,82.1,1
-0.18,6,2,68.5,63.4,1
2.1,1,1,90.8,89.1,1
-0.26,4,4,83.4,75.4,1
1.07,2,3,81.3,65.7,1
-0.32,4,3,71.7,88.4,1
1.15,4,3,82.3,59.0,1
0.71,7,2,67.1,69.9,1
0.27,7,4,84.3,69.7,1
0.37,5,2,91.8,99.6,1
-0.12,5,4,94.3,68.5,1
0.76,7,2,85.1,52.3,1
0.04,1,1,64.2,69.6,1
-0.58,5,1,80.0,81.0,1
-0.62,6,4,99.4,84.6,1
0.54,1,3,69.3,100.0,1
1.66,7,2,77.4,91.5,1
0.53,5,4,92.1,78.1,1
0.31,2,3,84.2,66.2,0
0.63,3,3,100.0,93.9,1
1.44,3,3,70.7,71.9,1
0.58,7,1,68.1,68.8,1
0.07,7,1,90.2,71.4,1
1.29,6,3,66.0,62.2,1
0.74,5,1,76.0,70.9,1
1.63,0,3,77.3,73.4,1
0.55,7,1,88.4,84.0,1
-0.58,1,2,84.1,71.7,0
-0.69,1,3,82.6,62.1,0
1.72,0,3,74.0,58.4,1
1.78,7,4,90.2,78.3,1
0.26,3,3,100.0,76.8,1
0.09,1,1,84.9,69.9,1
1.57,0,4,79.0,70.9,1
-0.49,3,1,65.0,80.3,0
-0.32,5,1,71.6,91.3,0
0.91,7,4,75.9,67.4,1
0.08,4,1,72.7,77.0,1
0.4,4,3,77.8,86.5,1
0.27,6,2,95.8,67.5,1
0.67,7,4,90.5,75.8,1
1.53,2,1,76.4,75.6,1
0.47,7,1,65.9,61.6,1
0.92,4,2,91.4,77.9,1
-1.24,7,2,77.5,76.3,1
0.36,0,4,60.7,82.1,1
-0.27,0,3,85.1,62.9,0
-0.58,7,1,88.3,76.1,1
-0.3,5,4,53.7,91.2,1
0.13,1,2,69.8,98.9,1
1.13,7,4,76.9,90.1,1
-0.66,0,4,85.3,63.1,0
0.42,5,1,72.8,81.0,1
0.01,1,3,69.7,70.7,1
0.14,0,2,85.3,79.1,0
1.2,6,2,73.3,67.5,1
0.83,6,2,83.4,57.2,1
1.47,0,3,66.9,72.2,1
0.28,0,2,64.5,83.9,0
-0.16,4,1,85.6,79.2,0
0.22,0,2,80.5,80.4,0
0.59,5,1,87.2,78.4,1
0.54,7,4,72.7,80.4,1
-0.47,6,3,70.0,81.8,0
0.47,1,2,91.6,73.0,1
0.58,1,2,62.8,76.9,1
2.41,5,1,90.5,95.2,1
1.9,0,2,91.2,77.6,1
-0.28,4,4,86.6,76.5,1
0.17,3,1,71.1,77.1,0
-0.77,5,1,69.8,73.6,0
-0.07,1,4,75.9,71.2,0
0.65,6,3,65.0,78.3,1
1.36,5,1,68.4,70.4,1
-0.18,1,2,84.4,74.4,0
-0.12,2,3,84.5,67.3,0
-1.32,0,2,67.5,77.2,0
0.27,3,2,84.8,82.4,1
-0.45,2,3,82.5,73.7,1
-0.02,0,3,93.1,53.9,1
-0.3,4,4,83.7,82.5,1
0.32,4,1,88.6,77.3,1
-1.01,0,2,82.8,65.1,0
-0.77,1,1,87.8,84.5,0
2.1,0,3,65.1,60.6,1
-0.63,5,3,76.8,87.5,0
-0.48,2,2,77.6,75.4,0
1.87,0,3,75.6,51.0,1
2.72,1,2,82.4,78.0,1
-0.54,7,1,84.3,71.5,1
0.11,2,3,81.9,69.9,0
0.67,5,2,76.2,67.9,1
1.78,3,2,70.6,74.6,1
-0.39,1,2,89.0,70.7,1
0.2,2,4,81.5,55.6,1
1.02,0,1,67.8,90.0,0
0.75,5,2,76.1,73.3,1
0.1,2,3,60.6,67.9,0
0.29,3,1,78.4,63.6,1
-0.7,1,1,76.0,84.5,0
0.21,6,3,72.3,61.7,1
0.19,1,3,93.8,77.5,1
0.59,4,3,66.4,69.6,1
-0.04,6,1,85.1,70.2,1
0.78,5,4,99.9,63.9,1
1.21,4,2,88.8,69.2,1
0.52,7,1,77.7,76.1,1
0.68,1,2,66.7,78.6,1
0.44,7,1,64.4,67.4,1
0.4,4,2,73.9,75.0,1
-0.18,3,2,71.1,85.8,1
0.65,2,2,70.8,57.7,1
0.32,5,2,74.7,75.9,1
2.07,7,4,77.0,65.5,1
1.66,5,4,82.9,64.4,1
0.71,0,2,65.6,78.9,1
-0.21,3,4,71.2,70.0,1
-0.49,5,4,76.4,62.6,1
1.35,3,4,76.0,90.6,1
0.61,6,1,96.4,86.1,1
0.78,5,2,80.3,54.7,1
-1.0,0,2,61.9,59.8,0
1.14,4,1,82.2,82.5,1
0.76,1,1,83.5,72.9,1
-0.49,3,3,76.7,92.5,1
0.02,3,2,65.9,82.8,1
0.61,6,4,95.6,79.3,1
0.44,6,3,67.3,64.8,1
0.17,3,1,84.6,81.4,1
0.32,4,4,80.0,62.0,1
0.2,5,2,84.0,90.4,1
0.52,5,3,95.1,80.6,1
1.58,5,4,83.6,66.9,1
-1.65,6,3,72.4,84.9,0
0.21,7,1,89.1,100.0,1
0.54,6,1,71.7,73.6,1
0.64,1,2,79.6,82.1,1
0.1,3,1,65.1,71.2,0
-1.01,3,1,67.7,76.9,0
0.66,4,4,78.5,59.4,1
1.78,4,1,81.7,76.0,1
-0.83,5,1,61.0,76.5,1
1.09,3,3,83.0,95.8,1
0.14,2,1,69.8,56.3,1
0.35,3,2,90.8,72.9,1
-0.44,6,4,74.5,90.2,1
0.13,2,3,66.8,73.3,1
1.44,0,4,78.8,74.1,1
0.87,7,2,68.8,66.8,1
1.79,1,3,90.7,65.7,1
1.34,4,1,78.0,55.9,1
0.75,6,2,76.5,69.1,1
1.8,2,1,83.9,65.1,1
0.75,2,4,68.0,77.3,1
1.06,2,1,65.1,67.3,1
0.16,1,1,82.1,70.7,0
0.45,1,2,67.0,71.0,0
-0.16,1,2,67.0,75.5,1
1.19,3,2,86.4,70.2,1
-0.54,4,2,83.3,64.3,1
1.03,0,2,65.5,76.9,0
0.25,6,4,71.8,87.7,1
1.34,5,3,69.0,77.4,1
1.0,0,4,95.8,69.3,1
1.86,6,4,87.1,74.6,1
0.98,0,3,73.8,53.4,1
-0.86,4,4,83.8,74.5,1
0.35,3,1,64.4,71.6,1
-0.54,4,4,71.3,65.7,1
-0.01,7,2,79.0,67.7,1
1.61,7,3,82.5,71.5,1
0.91,2,1,77.0,86.9,1
-0.16,4,1,80.5,88.0,1
-0.41,7,4,78.8,65.8,1
0.43,5,2,76.4,70.3,1
-0.57,7,1,75.0,70.6,1
-0.14,3,3,73.7,84.9,1
0.65,2,1,80.3,77.6,1
1.32,4,2,82.1,77.0,1
0.89,6,3,80.0,81.9,1
-1.43,7,3,66.2,69.4,1
0.64,5,2,68.0,91.0,1
0.46,5,2,82.0,76.0,1
0.73,4,4,92.7,66.6,1
1.69,2,1,79.5,73.5,1
-1.25,3,1,73.9,89.6,0
-0.07,3,1,80.2,71.3,1
0.87,6,4,66.6,86.4,1
-0.87,4,2,91.1,69.1,0
1.58,6,1,79.9,67.6,1
0.69,0,1,71.3,83.3,1
1.08,6,1,76.3,66.4,1
-0.06,4,4,72.7,85.0,1
1.05,7,2,91.1,79.9,1
1.25,3,1,76.0,66.4,1
0.59,3,1,79.6,75.2,1
0.59,1,3,83.7,70.0,1
0.62,6,3,70.6,79.8,1
-0.29,5,4,79.9,96.8,1
0.28,6,1,80.7,71.9,1
0.28,0,1,62.5,81.9,0
0.71,1,1,80.5,76.3,0
1.2,7,2,77.5,76.3,1
-0.45,0,3,79.3,74.2,0
0.3,4,3,78.4,66.6,1
1.59,3,1,80.6,79.7,1
-0.19,7,3,91.4,72.8,1
-0.26,6,3,66.2,66.0,1
0.56,7,1,74.6,87.2,1
1.08,2,3,84.7,77.1,1
0.41,4,2,82.8,73.5,1
1.46,5,1,82.6,90.7,1
1.09,7,2,100.0,55.8,1
1.07,0,4,84.1,90.0,1
0.84,7,3,89.3,66.3,1
2.26,2,2,74.9,78.3,1
0.24,1,4,68.1,69.5,1
-1.2,4,2,74.9,65.8,0
1.68,6,2,85.1,90.5,1
0.03,1,1,82.1,96.4,1
0.49,0,4,82.0,73.6,1
1.45,7,4,75.9,79.7,1
-0.88,7,1,74.3,76.6,1
-0.6,1,3,76.2,95.0,0
-0.88,7,4,85.2,52.8,1
-0.24,7,3,86.4,80.1,1
0.75,7,1,67.9,68.0,1
0.82,1,4,85.6,50.1,1
0.62,4,2,71.5,72.0,1
-0.73,7,2,82.7,96.3,1
-1.45,7,2,76.1,68.8,0
0.44,4,4,93.7,84.7,1
0.02,1,3,73.8,89.2,1
0.77,0,3,79.8,75.9,1
0.96,2,4,84.1,77.3,1
0.51,0,4,69.3,57.1,0
1.01,1,4,77.3,68.1,1
0.58,0,4,75.3,86.0,1
0.82,6,4,72.9,76.7,1
-0.16,4,4,73.6,80.0,1
0.26,4,3,89.1,77.5,1
0.56,6,1,72.0,100.0,1
1.06,3,1,83.7,71.3,1
0.09,3,4,81.1,93.7,1
0.82,1,2,64.0,77.5,0
0.19,3,4,83.2,94.6,1
0.31,1,4,63.9,62.5,0
1.06,4,3,84.3,78.0,1
-1.19,7,4,72.9,71.7,1
-0.64,4,2,78.1,77.5,1
-0.79,2,2,65.1,89.4,0
-1.47,5,4,79.2,80.2,0
-0.14,6,4,87.3,89.4,1
1.0,3,1,69.9,68.6,1
0.17,2,4,71.9,66.9,1
0.56,5,2,82.5,76.2,1
1.27,1,4,82.8,75.6,1
1.46,7,3,53.7,74.0,1
0.34,2,3,98.2,65.5,1
1.48,2,1,83.3,89.2,1
0.47,5,2,85.0,72.0,1
-0.27,0,3,76.6,91.7,0
-0.08,1,4,59.4,76.1,0
-0.78,1,1,84.7,83.1,0
-0.31,3,1,72.3,82.1,1
0.11,4,3,83.4,66.9,1
1.04,1,2,75.8,80.0,1
1.78,2,4,80.4,97.2,1
-0.71,6,1,70.3,78.8,1
0.71,7,2,86.6,85.9,1
-0.43,0,1,66.1,83.6,0
0.78,5,3,100.0,79.4,1
0.3,0,4,100.0,78.1,1
-1.06,4,1,94.3,82.0,1
1.14,7,2,90.8,84.4,1
-0.08,6,4,77.2,61.1,1
-0.03,1,1,89.7,78.7,0
-0.46,2,4,77.0,74.0,1
-0.12,6,4,62.5,71.7,1
0.74,6,1,93.0,90.3,1
0.25,2,1,89.3,67.9,1
0.66,0,3,77.7,60.7,1
0.69,3,1,65.7,84.8,1
1.46,4,3,72.1,60.4,1
0.13,3,1,59.8,54.8,0
-0.78,7,3,87.5,86.0,1
1.25,6,2,62.0,77.7,1
0.13,6,3,80.9,81.2,1
1.29,0,4,69.6,71.1,1
0.71,6,2,63.7,60.8,1
0.3,6,3,80.4,63.0,1
0.68,3,3,74.7,73.0,1
1.96,4,4,86.4,62.0,1
2.06,6,1,65.3,79.4,1
0.46,7,1,70.4,70.9,1
0.53,4,2,54.1,78.0,1
1.26,0,3,56.2,77.7,1
-0.28,4,4,96.0,80.3,1
0.67,5,2,98.8,81.5,1
0.38,0,1,78.9,72.2,0
0.65,6,3,69.8,78.0,1
-0.27,1,3,75.0,78.6,1
-0.87,7,2,86.7,49.3,1
-1.26,4,1,72.9,83.1,0
-0.49,2,4,80.4,77.6,1
0.03,0,4,77.9,82.2,1
0.17,0,3,72.3,61.8,0
1.95,5,3,72.7,72.5,1
1.28,3,2,80.9,64.0,1
-0.37,6,2,68.2,84.2,1
0.68,1,1,82.5,60.5,0
0.07,7,1,73.3,65.8,1
0.17,7,2,79.3,81.9,1
0.55,0,2,91.8,69.1,1
0.9,5,1,76.3,65.8,1
0.13,7,4,87.2,86.0,1
1.25,2,2,60.1,86.4,1
-0.51,0,3,73.3,83.9,0
0.41,7,2,78.3,85.3,1
2.48,3,2,97.2,73.5,1
0.58,0,4,58.4,73.7,1
1.55,6,3,77.0,68.9,1
0.47,5,4,92.6,77.8,1
0.86,0,2,70.1,70.2,1
0.35,2,2,75.9,71.2,1
0.26,0,2,81.3,82.6,0
-0.22,7,3,79.8,89.0,1
0.74,0,2,93.7,80.4,1
-0.28,6,2,82.5,95.7,1
0.93,4,1,91.3,68.2,1
1.27,4,3,74.4,55.8,1
0.69,6,3,70.6,83.9,1
0.17,7,3,75.7,67.5,1
0.76,1,4,66.4,73.0,1
0.15,0,4,82.8,56.5,0
1.15,0,4,74.1,66.1,0
-1.07,5,1,71.3,59.5,0
0.13,4,4,83.0,71.2,1
-1.19,0,2,66.6,71.7,0
-0.8,1,2,85.7,77.0,0
1.49,4,2,73.2,89.6,1
1.12,5,2,89.6,83.4,1
-0.18,2,4,74.1,58.2,0
-0.8,7,3,84.3,82.7,1
-1.97,7,4,79.8,77.2,1
-0.03,6,4,85.4,74.9,1
2.34,3,2,79.1,75.8,1
0.75,7,3,61.4,78.3,1
-0.05,5,3,88.1,68.4,1
0.77,4,2,77.1,74.0,1
-0.85,3,3,85.9,89.0,1
0.16,6,3,84.9,68.3,1
0.48,4,4,70.3,64.7,1
0.33,1,4,68.9,75.3,1
1.03,7,3,84.6,63.6,1
0.68,0,4,75.0,57.0,1
0.93,5,1,87.4,72.2,1
-0.15,5,4,76.2,91.9,1
1.12,4,2,88.2,75.6,1
1.7,0,2,82.2,78.0,1
-0.38,3,4,80.9,52.6,1
-0.31,7,2,74.3,80.8,1
1.47,1,4,80.3,77.0,1
0.25,5,2,89.9,68.7,1
1.52,6,2,77.5,78.0,1
0.05,7,2,83.3,77.9,1
1.56,4,2,78.5,64.3,1
0.51,2,4,79.2,79.7,1
0.61,5,1,95.2,89.2,1
1.65,3,3,90.0,73.5,1
0.11,5,4,78.8,66.5,1
-0.35,5,2,80.1,74.0,1
0.04,5,3,71.0,85.4,1
0.76,1,2,76.3,62.5,1
-0.85,6,1,81.1,82.4,1
0.91,4,3,86.5,68.5,1
-0.03,7,4,85.5,78.7,1
1.32,5,3,66.9,69.8,1
-1.52,7,2,87.8,69.8,0
-0.23,7,1,77.1,92.8,1
-0.95,7,4,68.1,60.5,1
-0.26,5,4,91.4,81.3,1
0.6,4,4,92.6,95.0,1
0.26,0,2,80.6,83.5,0
0.2,3,3,85.1,61.4,1
0.27,3,2,85.7,61.9,1
0.56,6,1,92.0,67.7,1
-0.41,4,1,85.3,77.7,1
0.97,3,2,64.7,78.5,1
0.93,1,3,98.1,62.0,1
0.71,5,1,88.7,66.4,1
0.85,3,3,72.9,67.1,1
0.64,0,2,67.7,74.0,0
2.03,2,4,83.0,97.8,1
0.33,7,2,75.2,65.7,1
0.15,0,1,81.3,65.3,0
-0.2,3,2,85.4,63.5,0
-0.43,4,4,72.3,83.0,1
-0.6,0,2,66.8,75.5,0
-0.31,1,3,81.9,66.1,0
0.34,7,4,72.7,72.0,1
0.67,4,2,79.5,67.3,1
0.44,1,3,64.6,79.3,1
-0.21,1,1,75.5,100.0,0
1.12,3,2,85.1,82.1,1
0.99,5,2,84.1,75.0,1
0.27,5,3,70.1,68.7,1
-0.12,1,4,66.3,61.2,0
0.84,5,2,78.2,84.1,1
0.55,7,2,83.6,83.5,1
-0.76,1,4,82.1,70.9,0
0.35,0,2,72.9,89.3,0
0.61,7,3,81.0,76.2,1
-0.32,4,3,93.0,84.5,1
0.55,6,1,80.1,79.3,1
-0.76,2,4,61.7,74.1,1
1.47,2,2,80.0,65.5,1
1.4,1,3,98.4,74.4,1
0.2,1,2,65.1,85.3,1
0.69,3,4,78.3,70.4,1
-1.53,0,3,75.7,80.8,0
-0.53,6,1,79.0,64.1,1
0.16,4,1,79.9,84.6,1
-0.46,7,4,89.4,79.4,1
0.97,4,3,78.8,62.8,1
2.0,2,2,90.8,73.5,1
-0.54,4,1,76.8,86.2,1
-0.27,1,1,74.5,62.2,0
0.59,6,4,71.3,64.2,1
1.69,5,4,59.8,75.2,1
-0.58,1,2,80.8,99.5,1
0.6,4,1,98.5,68.6,1
1.86,4,2,82.6,81.4,1
-0.92,1,1,84.9,78.9,0
-0.62,0,3,73.9,69.5,0
0.06,6,3,75.6,77.8,1
-0.02,2,4,87.8,71.1,1
1.05,4,2,98.1,72.1,1
0.59,1,1,92.9,57.7,1
-1.02,5,1,86.1,75.7,0
0.81,0,2,78.4,85.9,1
-0.06,2,3,80.1,76.6,1
1.42,4,1,70.5,88.0,1
-0.1,3,4,63.5,82.4,1
-0.11,4,2,66.7,75.3,1
0.83,1,4,78.5,69.1,1
1.01,3,2,75.1,70.7,1
0.76,6,1,63.3,59.8,1
-0.95,2,1,77.6,73.1,0
0.83,1,3,74.8,77.6,1
-0.43,6,3,66.3,94.9,1
0.59,6,4,74.3,81.8,1
-0.74,5,4,74.8,66.5,1
0.76,6,1,71.8,60.2,1
-0.25,6,2,87.3,73.7,1
-0.63,5,1,59.0,84.9,0
0.97,4,1,58.1,73.6,1
0.59,0,1,78.0,82.0,0
-0.09,4,1,79.0,74.0,1
1.56,2,3,82.0,83.9,1
0.05,6,1,72.6,58.4,1
0.43,3,1,68.8,93.6,1
0.62,7,1,77.9,63.8,1
-0.1,4,3,73.6,84.7,1
0.78,4,3,93.5,73.0,1
-0.03,7,4,74.8,74.7,1
0.07,3,1,77.5,73.3,1
1.49,3,1,100.0,78.8,1
-0.43,2,2,76.1,81.0,0
-1.53,7,3,83.6,87.6,1
1.69,6,1,84.5,91.5,1
2.44,1,1,85.3,79.7,1
0.08,3,2,80.9,94.9,1
-1.15,2,1,79.9,77.0,0
0.15,5,2,79.0,87.9,1
0.17,0,4,72.2,80.7,0
0.25,5,3,81.3,70.0,1
-0.49,5,2,98.3,78.0,1
0.86,1,2,90.1,81.5,1
0.82,1,4,81.0,75.6,1
-0.8,5,3,86.6,80.5,1
0.96,2,3,69.3,85.5,1
2.04,7,4,75.4,75.7,1
0.54,6,1,87.5,43.6,1
0.13,7,1,92.9,94.5,1
0.29,4,2,70.3,72.7,1
0.89,7,2,73.2,66.9,1
-0.98,0,1,99.8,63.6,0
0.53,2,1,79.0,72.3,1
0.09,0,4,96.2,69.8,1
1.88,5,3,80.1,67.9,1
0.26,4,3,80.5,68.5,1
1.73,2,1,74.9,81.8,1
-0.48,2,2,87.4,98.3,1
0.87,5,3,91.6,85.0,1
0.66,1,3,67.6,88.3,1
-0.3,4,3,74.5,71.8,1
0.54,4,3,87.2,77.2,1
1.37,1,2,76.7,80.7,1
0.14,1,4,73.1,68.7,1
-0.95,2,2,88.1,71.3,1
0.39,4,1,89.0,85.4,1
-0.32,2,4,73.5,88.0,1
0.13,3,1,80.1,76.7,1
0.33,4,2,65.9,62.9,1
-0.96,1,1,69.0,72.7,0
-0.89,4,1,79.2,60.1,0
0.79,1,2,78.3,76.8,1
-0.02,1,1,68.3,78.8,0
-1.65,1,2,70.8,73.0,0
1.03,2,4,67.3,78.7,1
0.62,0,1,82.6,80.6,1
-0.17,7,4,58.3,78.8,1
-0.65,2,2,67.9,62.8,0
1.07,6,3,59.4,73.2,1
0.68,7,2,82.2,80.5,1
2.31,6,2,60.0,93.4,1
0.74,6,1,78.3,73.0,1
0.71,0,3,94.4,82.1,1
0.27,2,4,94.7,85.7,1
1.05,5,3,59.9,73.8,1
0.9,4,3,81.0,88.6,1
1.4,0,3,68.1,89.2,1
-0.02,4,2,66.1,91.2,1
0.05,6,1,76.9,81.0,1
0.02,6,3,90.3,100.0,1
1.03,3,4,84.0,69.2,1
1.6,1,2,70.8,99.4,1
0.03,2,4,85.1,84.5,1
0.06,2,4,55.6,90.7,1
0.65,2,1,70.5,72.5,0
0.2,2,3,69.8,85.3,1
1.16,3,3,78.8,91.7,1
-1.4,0,2,76.0,64.0,0
-0.26,2,3,76.6,74.2,1
-0.23,2,4,76.3,52.4,0
-1.46,1,3,78.2,74.0,0
-0.37,7,4,83.4,67.0,1
-0.33,5,4,79.5,73.6,1
0.24,7,4,75.2,100.0,1
1.29,4,4,82.0,94.9,1
0.2,0,1,86.3,60.2,0
-0.42,7,1,72.4,82.1,1
0.35,3,1,77.4,84.8,1
1.24,5,1,89.6,72.3,1
-0.38,3,3,67.0,78.0,0
-0.33,3,3,96.0,79.0,1
0.85,3,2,64.6,61.2,1
0.22,2,1,74.5,64.7,1
0.92,4,3,68.5,77.9,1
0.39,5,2,99.9,77.1,1
0.96,0,4,73.0,68.2,0
-0.43,1,1,73.0,67.3,0
0.39,6,2,74.3,75.0,1
0.23,4,1,79.0,85.7,1
-0.57,7,2,74.7,75.2,1
-0.85,4,4,76.7,93.9,1
0.95,5,2,42.7,68.3,1
0.12,7,2,78.6,78.1,1
-0.42,5,2,78.2,72.1,1
0.32,2,2,88.4,82.5,1
1.3,4,3,91.1,67.4,1
-1.42,1,4,76.1,97.2,0
-0.8,2,3,86.2,57.4,0
-0.34,5,3,67.0,94.9,1
1.57,1,2,85.7,77.0,1
0.63,5,1,72.3,82.1,1
1.01,4,3,66.2,90.7,1
-0.51,2,4,76.1,85.4,0
-0.5,0,3,92.0,68.0,0
0.76,5,1,79.8,82.6,1
0.45,6,3,93.0,96.5,1
0.84,5,4,70.5,66.2,1
0.25,3,1,88.5,99.3,1
0.62,5,1,71.5,80.2,1
0.53,3,3,80.3,71.2,1
1.02,2,2,80.2,66.2,1
1.05,2,3,84.6,73.5,1
-0.9,1,3,80.5,54.5,0
-1.4,7,2,70.6,71.4,0
1.2,5,1,86.8,73.1,1
1.35,1,3,95.3,64.2,1
-0.42,6,2,72.2,84.2,1
-1.09,1,4,59.6,73.6,0
0.48,4,2,83.0,69.0,1
1.14,1,1,74.7,72.4,1
1.84,2,4,76.7,79.9,1
0.81,5,3,83.6,76.8,1
0.1,7,3,73.4,68.3,1
-0.31,7,4,75.3,77.4,1
0.41,7,4,77.0,75.4,1
0.16,1,4,92.7,63.5,1
-0.41,0,4,78.3,72.8,1
2.04,7,2,65.6,82.4,1
1.83,7,1,66.0,82.3,1
1.31,2,3,79.4,73.5,1
-0.34,0,4,66.7,83.4,0
1.08,5,4,62.4,65.2,1
0.91,0,3,84.4,65.6,1
0.75,0,3,84.8,73.2,1
1.4,7,3,74.3,92.5,1
0.91,3,1,80.9,77.8,1
0.99,0,1,79.9,73.0,0
0.91,5,1,84.0,93.0,1
0.67,2,4,84.0,72.8,1
-1.03,4,4,51.9,100.0,1
0.47,7,2,75.6,70.4,1
-0.04,1,2,83.2,64.9,0
-0.62,5,2,73.9,74.2,0
1.75,6,1,78.4,73.3,1
1.78,3,2,85.5,67.1,1
1.49,7,2,78.8,100.0,1
0.6,3,3,93.1,79.5,1
1.48,3,4,89.3,81.1,1
0.41,7,1,76.8,70.9,1
0.56,5,2,76.0,69.6,1
-0.47,6,4,49.5,87.3,1
0.72,6,4,74.7,57.6,1
0.45,5,4,64.5,63.4,1
-0.64,1,3,80.2,73.3,0
0.36,3,1,79.5,90.9,1
0.34,6,4,85.0,71.9,1
1.84,4,3,92.0,80.6,1
1.12,2,4,77.7,76.3,1
0.41,2,4,100.0,90.3,1
0.6,6,2,80.3,58.6,1
0.44,1,1,64.9,84.1,0
0.24,0,3,72.4,73.8,1
-0.47,6,2,74.3,86.2,1
0.28,2,1,83.9,67.0,1
-0.2,6,2,68.5,76.3,1
-0.6,4,4,75.0,74.9,1
0.81,7,2,76.4,65.0,1
0.71,4,2,73.5,61.9,1
-1.03,6,3,86.1,69.6,0
0.3,6,3,84.4,77.4,1
1.2,1,2,89.7,67.7,1
1.25,7,4,74.7,72.4,1
1.22,5,3,90.0,55.3,1
0.43,0,1,64.4,71.9,0
-0.28,0,2,64.1,87.3,0
-0.47,2,4,65.9,83.8,1
0.68,0,1,78.1,75.0,0
0.7,2,1,90.0,78.7,1
1.43,7,3,72.0,66.9,1
1.28,3,2,73.2,93.9,1
0.29,0,2,75.8,98.7,1
-0.6,3,2,83.7,77.8,1
0.14,1,1,73.2,100.0,1
0.57,6,2,72.7,68.5,1
0.24,0,1,64.5,62.2,0
-0.06,6,3,72.3,68.2,1
0.6,3,3,89.8,73.6,1
-0.0,0,4,78.9,100.0,1
-0.1,5,1,70.6,72.9,1
0.65,3,2,90.4,66.5,1
0.08,6,2,72.1,66.1,1
0.6,4,3,92.2,88.5,1
0.62,6,3,92.0,87.0,1
-0.51,3,4,78.6,70.7,1
0.02,0,4,63.0,55.4,0
1.55,1,4,100.0,63.6,1
-0.53,3,1,81.9,94.9,0
-1.29,3,1,74.8,83.6,0
-1.09,6,4,87.6,76.7,1
0.42,3,4,85.0,96.6,1
0.42,6,2,91.1,97.5,1
0.31,1,1,71.4,75.6,0
1.37,3,3,81.2,75.8,1
-1.74,6,3,66.1,69.6,0
0.72,0,4,84.7,72.9,1
1.65,2,3,77.8,59.7,1
-0.5,6,4,80.8,59.6,0
0.1,4,4,76.5,57.1,1
-0.2,6,1,75.5,87.9,1
-0.32,4,1,69.3,58.8,1
0.14,6,4,85.9,97.4,1
1.54,7,1,92.9,68.0,1
1.87,7,1,72.4,95.1,1
0.13,0,4,83.5,72.0,1
1.92,4,1,82.3,58.8,1
0.43,0,1,78.1,90.1,1
1.8,1,1,62.7,91.4,1
0.33,2,2,65.0,66.0,1
0.5,5,3,70.2,72.4,1
0.69,3,3,56.6,66.0,1
2.94,6,4,92.1,74.7,1
1.08,2,3,81.7,77.2,1
-0.17,4,4,77.7,72.1,1
1.18,6,1,56.1,56.0,1
0.11,7,2,59.8,69.6,1
0.01,1,2,78.0,83.7,0
1.13,5,1,97.7,73.7,1
0.42,0,4,71.0,72.4,1
0.62,4,1,86.6,65.8,1
0.41,3,2,73.2,69.3,1
0.67,7,2,78.6,91.5,1
0.74,6,1,90.1,63.5,1
-1.15,7,4,74.5,83.9,1
0.93,6,1,71.1,76.5,1
-0.39,3,1,92.2,78.7,1
-0.75,5,2,78.5,67.9,0
0.35,0,1,88.9,72.1,1
0.47,4,4,71.1,75.9,1
-0.15,0,1,92.1,70.3,0
1.06,5,2,80.7,79.6,1
-0.67,7,2,82.3,81.0,1
0.07,5,1,79.3,99.9,1
-0.07,6,1,72.9,79.1,1
0.36,1,3,78.0,55.0,0
0.62,7,1,73.6,88.8,1
-0.41,4,1,87.6,73.8,0
0.98,5,2,76.0,98.1,1
0.45,6,2,63.0,92.2,1
-1.11,5,2,61.2,70.4,0
-1.17,2,4,60.7,83.9,0
0.39,4,2,84.2,69.5,1
0.22,5,3,66.5,76.0,1
0.32,6,4,81.0,83.4,1
0.38,3,1,79.4,88.2,1
0.58,4,3,77.4,85.8,1
1.16,4,2,82.4,76.8,1
-0.49,0,3,79.6,100.0,1
-0.54,0,1,50.9,72.0,0
-0.47,0,2,74.8,58.3,0
0.63,5,1,82.3,60.4,1
1.4,3,4,94.4,92.2,1
0.05,6,3,94.9,75.2,1
-1.6,5,1,64.4,77.7,0
-0.96,1,3,74.5,70.0,0
-0.27,0,4,62.3,71.0,0
-0.05,2,3,93.2,67.3,1
0.07,7,2,88.1,81.2,1
0.43,0,4,81.5,74.9,0
0.15,1,1,79.7,80.8,0
1.24,0,1,91.8,79.7,1
-0.14,3,1,90.1,71.3,1
-0.29,7,4,89.6,60.0,1
0.78,5,3,82.6,59.0,1
-0.83,3,3,74.5,100.0,1
0.71,1,3,85.7,92.3,1
0.48,2,2,86.2,90.7,1
0.28,4,1,76.1,68.6,1
1.67,2,4,74.5,76.1,1
-0.1,5,4,89.3,67.0,1
2.05,7,1,94.6,61.6,1
0.22,1,1,70.5,69.5,1
-0.62,2,3,75.4,90.6,0
0.46,1,1,81.5,85.2,1
-0.46,5,3,82.9,65.3,1
-0.2,3,4,72.8,72.5,1
0.72,2,2,96.8,84.2,1
0.84,1,2,82.2,69.7,1
-0.1,0,4,83.3,76.9,1
1.19,3,2,95.6,80.4,1
1.33,5,1,73.5,80.3,1
1.55,1,1,77.1,78.8,1
0.82,0,4,65.5,68.8,1
1.49,3,4,76.3,69.9,1
-1.1,5,1,63.1,63.5,0
0.15,2,4,85.5,58.8,1
-0.29,2,1,82.2,74.7,0
0.5,1,1,75.2,85.0,1
-0.06,5,2,77.0,60.8,0
0.27,6,2,85.6,79.0,1
1.91,6,4,66.6,84.6,1
0.26,4,3,80.0,55.8,1
0.73,5,1,85.0,73.0,1
0.21,3,3,60.2,94.1,0
0.46,0,4,84.8,82.1,1
0.4,2,3,61.3,55.4,1
0.76,5,1,76.8,83.2,1
1.33,5,1,66.4,67.8,1
1.72,7,2,92.3,83.6,1
0.65,7,2,66.4,68.4,1
0.87,1,2,61.5,75.4,1
-0.52,0,1,79.3,70.1,0
0.33,2,1,73.9,76.0,1
1.15,7,3,63.0,69.8,1
1.09,6,4,83.3,73.5,1
0.57,0,3,58.1,63.1,0
1.11,1,2,67.6,81.4,1
0.79,4,4,72.2,77.9,1
1.36,5,3,86.0,58.2,1
0.63,7,3,91.0,86.9,1
0.12,6,3,89.0,74.1,1
0.67,1,4,76.5,77.8,1
-1.94,0,3,53.7,84.4,0
0.71,5,3,81.9,79.6,1
-2.52,4,3,92.7,88.8,0
-0.98,7,4,90.3,72.8,1
0.76,4,4,82.6,87.4,1
0.78,4,2,66.1,77.4,1
-0.53,2,3,72.7,81.6,0
-0.17,0,1,97.3,80.4,0
1.5,7,3,63.8,89.6,1
0.01,6,4,66.5,83.9,1
2.19,1,3,87.4,71.1,1
0.4,5,2,73.7,68.9,1
0.73,2,3,66.2,75.5,1
1.69,3,2,93.3,67.6,1
0.5,6,2,82.6,64.4,1
-0.4,6,1,74.2,52.6,0
0.31,1,3,66.5,59.0,1
0.37,2,1,98.5,97.8,1
-0.69,6,2,77.8,68.8,1
0.2,7,4,92.0,96.9,1
-0.19,0,4,86.9,80.4,0
1.14,6,2,72.8,75.5,1
0.43,3,4,72.9,59.5,1
0.17,4,1,92.5,76.1,1
0.32,0,4,92.6,96.8,1
0.58,5,2,59.2,93.1,1
0.89,5,4,83.5,79.0,1
-0.4,5,4,76.8,63.4,1
-0.43,6,3,67.7,65.5,1
1.28,7,3,80.6,66.6,1
0.07,6,3,64.5,90.1,1
-0.73,5,1,73.3,93.9,1
0.76,7,1,70.0,78.2,1
0.77,5,2,73.0,72.7,1
-0.82,5,2,77.3,93.0,1
0.58,4,3,67.8,65.2,1
0.99,6,2,93.7,76.6,1
0.7,0,3,82.9,81.1,1
0.91,4,1,95.9,66.5,1
-0.72,3,1,76.4,69.0,0
0.66,7,4,72.5,68.1,1
0.16,0,4,95.6,91.6,1
0.01,5,4,72.2,97.1,1
1.1,1,2,76.2,77.3,1
1.58,7,3,85.2,73.0,1
1.84,6,3,65.6,69.4,1
1.45,1,2,85.1,76.0,1
0.31,6,3,83.8,69.9,1
0.68,3,3,90.7,74.9,1
1.01,7,2,86.9,80.5,1
0.5,5,2,91.0,71.5,1
0.5,0,2,76.9,73.9,0
1.06,1,4,69.4,74.0,1
0.35,3,4,99.1,72.5,1
-0.18,1,4,62.7,71.1,0
0.07,1,4,63.7,84.4,1
0.91,7,2,83.7,56.5,1
0.4,6,4,94.2,93.3,1
0.67,3,1,79.9,77.5,1
0.94,1,4,88.0,82.7,1
0.1,1,2,58.0,84.0,0
1.0,7,2,73.0,68.2,1
0.7,2,1,59.3,65.9,1
-0.59,0,1,85.8,64.6,0
1.55,3,2,62.5,73.3,1
-0.0,3,3,65.2,83.7,1
-0.92,4,1,83.1,69.6,0
-0.44,2,4,88.6,82.7,1
-0.42,7,1,76.4,50.0,1
0.44,5,4,83.7,71.8,1
0.18,7,2,83.4,88.8,1
0.13,2,2,75.8,74.1,1
0.9,5,1,67.1,66.9,1
0.67,2,4,83.6,68.8,1
0.65,5,3,84.1,42.7,1
0.73,5,1,86.9,64.9,1
0.89,2,1,81.1,87.6,1
-1.29,7,3,66.3,69.6,1
0.11,6,4,84.9,70.9,1
-1.34,7,1,78.0,50.4,0
0.43,1,1,73.2,58.1,0
0.4,5,3,75.1,89.1,1
1.24,0,1,71.1,82.8,1
1.35,0,2,86.9,61.7,1
0.56,7,1,63.8,69.1,1
-0.0,1,2,68.1,75.7,0
0.79,6,3,74.7,62.8,1
-0.02,3,2,94.1,54.0,1
0.4,2,2,88.5,74.2,1
1.19,0,2,61.6,82.3,1
-0.05,5,3,91.5,82.5,1
1.04,5,1,91.5,85.6,1
0.94,3,1,66.3,58.9,1
-0.36,6,1,52.8,76.6,1
1.18,2,4,77.3,73.0,1
0.96,4,3,89.2,75.0,1
0.48,2,1,93.9,73.7,1
-0.21,4,2,69.3,68.7,0
-0.29,1,2,95.5,42.8,0
-0.03,3,1,55.7,88.8,0
0.83,4,4,74.3,79.6,1
-0.36,4,4,73.8,59.7,1
0.75,3,1,89.5,81.2,1
-0.59,5,1,91.0,71.1,1
0.24,4,2,87.5,71.4,1
0.49,2,3,64.5,67.5,1
2.36,1,4,86.6,81.9,1
-0.7,5,2,83.1,67.2,1
1.58,7,2,61.3,63.9,1
0.52,6,1,57.3,88.4,1
0.73,5,1,88.4,74.0,1
0.49,7,1,76.2,74.4,1
0.76,7,2,65.1,83.6,1
0.28,4,3,75.9,68.7,1
1.56,0,1,81.6,70.9,1
0.03,5,1,77.2,79.4,1
1.31,4,4,62.5,59.0,1
-0.12,2,4,96.9,78.4,1
0.35,6,3,88.0,67.7,1
-0.46,6,3,74.6,85.4,1
0.76,2,3,75.0,82.0,1
1.56,3,2,81.6,80.6,1
0.34,1,1,66.7,58.3,0
0.24,1,2,81.2,74.9,1
-0.49,2,3,64.7,63.1,0
0.22,2,3,77.3,75.6,1
-0.87,2,3,66.3,50.5,0
-0.33,1,3,66.8,59.1,0
0.58,3,1,94.5,89.1,1
1.46,4,3,78.6,80.1,1
2.65,2,4,80.1,72.1,1
-0.07,4,3,57.9,66.0,1
1.55,2,3,72.0,64.1,1
0.6,5,1,82.6,78.2,1
0.28,5,4,79.9,72.2,1
0.75,7,2,56.5,93.0,1
0.45,0,2,80.1,74.0,1
0.49,6,2,81.7,76.6,1
0.07,2,1,90.8,60.7,1
-0.72,0,4,71.4,72.0,0
-0.83,5,3,55.6,77.9,1
0.92,1,2,68.0,71.9,0
0.18,1,4,67.0,70.7,0
-0.08,7,1,85.4,79.6,1
0.41,1,2,50.8,92.7,1
1.04,4,3,73.5,77.6,1
0.54,1,1,92.3,88.6,1
-0.12,0,3,78.1,82.8,1
1.38,0,4,87.0,87.9,1
1.66,0,3,61.6,69.3,1
0.8,3,1,62.0,73.7,1
1.18,3,3,92.4,73.8,1
1.39,0,2,79.0,82.0,1
1.3,2,3,79.0,84.7,1
0.89,2,3,66.8,77.4,1
0.88,4,1,79.0,85.6,1
0.82,7,1,66.5,69.8,1
-0.48,5,1,89.9,85.7,1
0.96,7,1,100.0,87.2,1
-0.68,1,2,82.8,83.5,0
-0.24,1,1,71.7,77.5,0
1.44,6,4,52.7,83.8,1
1.07,2,4,61.2,66.2,1
1.59,6,1,93.5,78.2,1
0.18,3,2,67.7,79.3,1
-0.52,1,3,74.3,61.4,0
0.21,6,3,84.6,81.2,1
0.48,4,3,92.8,62.3,1
0.46,6,4,76.0,71.3,1
1.31,3,3,74.0,76.4,1
0.11,1,3,78.7,68.0,1
0.68,5,3,71.7,76.9,1
-0.39,0,3,72.3,76.7,0
0.76,5,2,82.1,67.0,1
0.4,3,3,79.9,82.2,1
-0.2,6,4,99.3,67.6,1
0.21,6,2,82.4,100.0,1
0.25,3,1,89.5,74.8,1
0.18,7,3,67.3,63.1,1
1.82,0,4,83.3,65.2,1
0.32,0,4,70.8,88.6,1
0.2,7,3,82.0,71.5,1
-1.28,4,4,84.9,61.0,1
-0.32,3,2,78.5,85.4,1
0.19,1,2,100.0,71.4,1
-0.15,2,2,92.3,83.2,1
1.51,5,2,89.8,86.3,1
0.27,6,3,85.6,79.0,1
1.43,7,4,95.6,100.0,1
0.45,3,2,63.6,57.0,1
0.43,3,1,91.7,67.0,1
0.33,1,4,68.1,73.2,1
0.4,0,4,72.4,100.0,0
1.78,3,4,83.6,95.8,1
-1.46,4,2,90.3,90.2,0
-1.2,0,3,66.5,67.3,0
-0.03,3,3,72.9,68.5,0
0.41,5,4,79.0,66.9,1
0.95,6,4,76.1,67.4,1
0.78,7,4,86.5,92.4,1
0.09,2,2,100.0,73.3,1
1.22,3,1,82.2,74.8,1
1.22,6,1,70.6,84.5,1
0.55,5,4,65.0,57.7,1
1.17,2,4,74.7,76.6,1
0.62,5,1,68.6,63.9,1
-0.05,1,2,82.7,72.8,1
0.96,3,1,82.5,69.5,1
0.49,2,2,73.4,69.0,1
0.4,7,3,97.8,78.5,1
1.58,0,3,70.6,78.4,0
-1.56,6,2,76.8,73.6,0
-0.73,2,2,84.4,80.1,1
-0.55,0,3,86.9,66.4,0
0.11,5,3,90.8,83.5,1
0.2,5,1,82.3,73.7,1
-0.81,1,1,88.5,70.7,0
-0.39,0,2,71.3,67.3,0
-0.29,0,2,87.2,73.3,0
2.37,3,4,87.0,96.6,1
1.84,1,4,93.1,75.3,1
0.07,5,3,61.3,63.4,1
0.11,0,1,68.9,86.1,1
-0.52,6,1,86.2,70.8,1
-1.13,6,2,51.5,79.1,0
0.31,5,3,82.9,69.3,1
-0.4,7,3,88.6,90.1,1
0.33,7,1,72.2,69.5,1
-0.88,0,4,73.7,91.4,0
-0.21,2,2,67.3,64.5,1
0.52,6,3,72.8,72.8,1
0.69,2,1,73.1,91.4,1
0.73,5,4,71.2,77.8,1
-0.66,6,3,70.6,100.0,1
1.08,7,1,75.3,73.0,1
-0.24,2,2,75.2,78.8,1
0.91,2,2,96.7,97.0,1
0.39,0,1,74.1,59.3,0
-0.7,2,4,81.4,58.0,0
0.15,2,4,72.2,67.2,1
0.69,3,4,72.1,84.9,1
0.89,3,2,61.0,58.3,1
0.29,6,3,62.3,82.6,1
1.63,6,2,65.9,81.8,1
1.21,5,2,79.8,98.2,1
0.19,0,3,88.8,87.5,1
1.0,3,2,60.1,80.0,1
1.95,5,4,72.5,91.0,1
1.97,1,1,64.3,81.9,1
-0.58,3,1,75.4,70.9,0
-0.34,5,4,88.8,63.4,1
1.59,6,4,73.5,69.7,1
-0.45,6,4,77.5,75.6,1
-0.66,3,2,92.6,77.9,1
0.01,3,2,82.6,52.5,0
0.74,3,1,70.4,73.6,1
0.32,5,2,79.6,76.3,1
-0.12,3,3,69.7,82.0,1
-0.14,3,2,82.2,93.9,1
-0.17,1,2,83.2,78.0,0
-0.3,3,1,64.3,66.0,0
2.23,1,2,79.8,56.0,1
0.64,4,3,76.8,83.6,1
1.11,7,3,83.4,66.4,1
0.01,6,3,86.3,85.5,1
0.25,3,4,82.8,91.4,1
-0.17,7,1,75.0,59.0,1
-1.72,7,2,87.3,82.1,1
-0.7,3,3,69.3,90.2,0
-1.05,6,2,64.8,87.2,1
-1.4,2,4,46.0,52.9,0
-0.56,7,1,77.3,66.6,1
1.46,2,1,69.8,61.9,1
0.36,2,2,82.0,81.8,1
1.43,1,2,58.3,80.5,1
0.73,6,4,71.5,46.3,1
1.03,2,2,82.7,72.7,1
-0.32,6,2,67.7,84.8,1
0.82,0,1,82.1,77.6,1
0.98,4,2,72.4,77.6,1
-0.06,3,3,77.7,72.0,1
0.85,3,3,84.0,64.4,1
0.85,1,3,87.5,75.8,1
-0.04,0,2,78.9,76.6,0
-0.5,2,1,69.9,82.8,0
-0.55,3,1,73.4,83.7,0
0.47,6,1,84.4,76.9,1
0.66,3,3,67.8,88.0,1
-0.23,1,4,76.2,71.9,0
0.42,2,4,74.1,60.1,0
0.86,4,2,77.0,81.2,1
0.89,3,1,67.9,77.4,1
1.64,7,3,59.5,81.5,1
1.42,3,1,83.2,62.1,1
-0.4,4,3,87.6,95.7,1
1.75,0,2,60.1,83.8,1
-0.02,1,4,81.7,72.8,1
1.24,6,3,88.8,65.7,1
0.45,2,3,84.0,87.8,1
0.07,3,2,73.8,63.9,1
-1.05,4,4,68.6,100.0,1
0.26,0,3,78.8,69.3,0
-0.85,4,3,80.5,94.9,1
1.17,2,2,79.0,74.0,1
1.61,1,2,76.2,93.4,1
-0.24,3,4,67.2,67.9,1
0.64,3,2,82.2,76.2,1
-0.18,1,1,82.7,84.9,0
-0.1,4,2,80.0,83.3,1
1.02,5,2,79.1,88.1,1
0.37,2,2,94.8,70.6,1
1.79,7,1,71.8,76.9,1
0.01,4,1,90.8,89.7,1
1.2,6,2,70.7,68.2,1
0.48,0,2,89.1,82.3,1
1.04,6,1,90.3,73.6,1
0.04,2,2,75.1,78.3,0
0.36,5,2,94.6,76.9,1
0.31,6,1,82.7,67.3,1
-0.27,2,2,69.2,73.1,1
0.93,2,2,74.3,77.6,1
0.92,0,1,89.3,74.9,1
0.87,4,4,87.2,93.3,1
1.63,6,1,67.4,87.1,1
1.56,3,3,76.6,79.2,1
0.1,1,3,80.0,67.6,0
0.7,2,4,72.9,66.9,1
-0.1,3,3,100.0,97.7,1
0.42,7,3,80.3,64.9,1
-0.08,0,4,77.4,77.3,0
1.7,2,4,89.9,80.0,1
0.69,5,1,74.3,72.6,1
0.23,1,4,88.1,65.0,1
1.35,7,2,61.3,67.4,1
-1.34,7,1,73.5,70.0,0
-1.21,3,3,88.5,68.2,0
1.04,5,4,93.7,90.6,1
0.45,6,1,70.3,75.9,1
0.6,5,1,69.1,70.2,1
-0.66,1,4,83.7,77.2,0
0.38,0,3,71.8,83.3,1
2.0,2,1,75.3,72.2,1
1.06,1,4,86.8,85.9,1
0.54,2,2,72.6,62.0,1
0.05,5,2,58.3,88.9,0
0.08,4,2,65.0,75.9,1
-1.3,1,3,78.1,75.5,0
0.61,0,1,59.4,68.4,0
1.08,1,2,75.0,62.5,1
-0.86,3,2,64.1,57.7,0
-0.13,6,1,94.4,67.6,1
-0.53,2,4,99.7,82.5,1
-0.37,2,1,67.4,65.4,0
0.44,4,4,80.6,59.0,1
-1.27,0,1,68.4,66.0,0
0.89,1,2,74.9,71.8,1
1.0,0,1,96.0,72.2,1
0.2,4,2,73.3,74.6,1
-1.58,3,3,75.1,87.4,1
-0.4,4,1,68.6,89.7,1
1.39,4,3,89.5,98.1,1
-1.82,3,4,45.4,58.1,0
0.12,6,2,73.6,66.6,1
-0.54,7,1,77.5,83.7,1
1.04,0,3,71.4,71.0,1
-0.14,7,1,86.6,85.5,1
0.72,1,1,90.0,78.3,1
0.85,1,2,63.9,93.4,1
1.87,4,2,98.9,87.5,1
0.24,0,1,63.8,87.7,0
0.7,2,4,90.9,71.5,1
-0.79,1,3,79.5,74.9,0
1.35,3,4,73.0,72.6,1
-0.21,6,2,73.9,59.4,1
-0.05,7,2,77.7,92.2,1
0.38,1,4,80.1,84.2,1
-0.85,4,1,68.8,72.2,0
0.58,3,2,75.7,90.4,1
1.17,3,4,70.3,69.1,1
0.63,5,2,65.8,55.8,1
-0.87,7,4,69.8,87.1,1
0.3,3,2,66.5,61.9,1
0.99,0,2,73.8,73.8,1
-1.1,7,4,82.3,78.3,1
-0.46,7,1,79.2,80.2,1
1.1,2,4,97.7,85.3,1
0.62,4,1,55.9,82.4,1
0.73,6,2,82.7,82.0,1
1.89,4,3,78.1,67.3,1
0.77,3,3,86.2,79.2,1
0.93,7,4,85.2,59.4,1
2.57,6,4,76.4,93.2,1
0.23,4,3,79.7,60.6,1
-0.24,1,3,70.6,72.2,0
0.74,3,2,84.1,61.5,1
0.75,5,4,59.2,68.0,1
-0.02,2,3,85.8,76.1,0
-0.43,4,1,77.8,70.2,1
2.25,5,4,73.1,88.6,1
0.66,0,2,75.7,78.5,1
-0.19,4,2,76.4,70.9,1
1.13,5,2,91.0,74.5,1
0.31,1,4,100.0,89.4,1
0.2,4,2,90.2,86.0,1
0.85,5,2,72.3,63.5,1
-0.63,0,1,84.3,68.5,0
0.68,5,2,84.7,81.2,1
1.93,2,1,68.7,79.9,1
0.77,3,3,65.4,64.4,1
0.1,5,4,77.4,84.2,1
-0.01,0,2,86.1,66.2,0
0.07,0,4,61.9,90.3,1
0.2,3,4,70.8,81.8,1
0.1,7,1,83.7,63.5,1
1.13,0,3,78.4,70.2,1
-0.99,6,3,92.2,70.0,1
1.09,0,2,63.9,77.8,1
0.1,3,4,100.0,73.8,1
0.7,3,2,62.6,63.4,1
-0.5,3,1,57.7,60.7,0
1.46,0,3,77.4,82.0,1
1.4,6,1,66.7,79.1,1
1.17,2,2,77.6,77.2,1
-0.81,6,3,77.3,79.0,1
1.06,5,3,76.0,69.2,1
0.72,4,2,69.6,78.0,1
-0.88,2,2,82.3,100.0,0
0.38,5,1,74.8,88.9,1
0.69,7,2,89.0,72.8,1
0.84,7,3,76.2,70.2,1
0.54,7,3,68.4,44.5,1
0.63,1,2,61.1,87.8,1
1.58,4,1,76.3,84.7,1
1.38,3,3,65.3,70.0,1
-1.89,7,3,64.5,60.3,0
0.15,7,1,83.3,63.3,1
0.27,6,3,60.2,80.9,1
-1.0,1,1,92.1,75.0,0
0.48,2,2,79.6,83.6,1
1.4,5,3,77.6,77.0,1
-0.47,5,3,67.7,86.6,1
0.67,2,3,85.6,80.1,1
-0.33,1,4,78.0,85.1,0
-0.14,1,1,71.1,53.0,0
1.58,5,4,80.0,62.4,1
-0.03,3,2,61.2,72.0,1
0.77,3,2,61.6,87.9,1
-1.1,6,4,66.8,96.7,1
1.89,0,2,81.5,74.2,1
0.88,6,1,78.0,69.3,1
0.25,2,3,88.5,54.5,1
0.86,7,3,68.8,85.5,1
-0.73,7,3,83.7,69.9,0
1.35,4,1,76.9,100.0,1
0.14,2,3,68.6,67.9,1
0.24,1,1,81.9,99.2,1
0.01,1,3,77.3,84.2,0
-0.06,7,3,71.7,64.7,1
0.96,1,4,78.4,78.6,1
0.6,3,4,76.7,84.5,1
0.92,3,1,76.5,73.5,1
0.39,5,1,73.9,85.2,1
0.81,6,3,65.0,85.0,1
0.06,4,4,78.7,82.6,1
2.18,6,1,70.0,75.8,1
-0.85,4,2,67.8,63.1,0
1.41,3,2,75.6,75.2,1
1.49,1,2,85.3,77.9,1
-0.28,1,3,79.9,55.4,0
2.18,3,2,72.7,77.9,1
1.2,0,2,72.3,74.9,1
1.18,2,4,84.4,61.7,1
0.42,3,2,54.0,72.3,1
0.23,3,1,86.0,72.6,1
0.23,6,4,59.3,97.2,1
0.71,7,2,63.8,78.4,1
1.52,5,4,72.9,87.4,1
0.55,0,4,99.7,74.7,1
-0.33,3,3,94.8,55.4,1
1.06,5,1,85.1,83.4,1
1.14,4,4,81.6,68.8,1
0.92,3,3,59.4,72.3,1
1.0,3,2,79.6,64.4,1
0.18,3,4,72.5,76.8,1
-0.34,4,4,69.8,87.7,1
-0.29,1,4,79.5,86.3,1
-0.91,4,1,73.3,93.4,1
0.59,1,3,86.7,95.0,1
0.33,5,2,58.6,53.5,1
0.05,6,1,78.8,62.9,1
-1.96,4,2,69.2,56.1,0
-0.6,3,1,73.9,83.0,0
1.3,7,1,81.0,68.4,1
-0.13,5,3,66.8,70.6,1
0.69,3,3,79.6,73.6,1
-0.71,0,2,75.9,80.2,0
1.55,0,1,71.4,59.7,1
0.28,1,4,73.3,62.2,1
0.63,1,3,76.5,76.0,1
2.26,5,3,70.3,89.2,1
1.61,4,1,78.1,75.7,1
0.15,7,1,75.2,67.3,1
-0.07,4,1,71.9,52.4,0
0.14,7,1,93.9,86.5,1
0.81,4,4,82.2,67.9,1
0.32,2,2,74.2,63.4,1
0.08,5,3,79.5,57.1,1
1.57,3,4,67.7,60.2,1
0.31,2,4,73.6,65.4,1
2.24,3,2,74.8,73.4,1
0.47,5,2,65.5,62.7,1
1.83,3,2,81.9,78.0,1
0.69,5,1,72.9,73.3,1
1.17,7,4,74.4,100.0,1
-0.18,3,3,72.3,57.3,1
-0.28,2,2,100.0,77.8,1
0.77,3,3,71.4,77.9,1
1.19,6,3,57.3,64.7,1
0.43,1,1,62.0,77.0,1
-0.63,7,3,85.6,84.5,1
-0.69,3,4,91.4,77.1,0
-0.74,6,3,71.2,91.2,1
-1.01,6,3,90.8,52.0,0
0.49,6,1,85.4,66.7,1
1.3,7,3,76.1,92.2,1
0.39,1,4,75.4,86.0,1
-1.41,4,2,79.8,81.9,1
0.25,0,3,86.8,89.6,1
0.27,2,3,82.0,54.9,0
2.08,0,1,71.2,84.8,1
-0.77,5,2,76.3,87.7,1
0.09,4,4,97.8,68.8,1
1.76,5,4,80.5,100.0,1
0.76,1,2,86.7,78.2,1
0.85,2,2,83.4,51.9,1
0.49,5,4,80.7,80.2,1
0.66,6,1,79.1,68.1,1
1.02,7,2,87.0,88.8,1
-0.25,0,1,85.2,82.0,0
1.1,3,1,80.6,69.4,1
-0.7,0,3,71.1,92.5,0
0.66,6,2,81.9,86.3,1
0.54,0,4,77.3,66.9,1
-0.09,6,4,74.9,74.3,1
0.38,1,4,100.0,81.7,1
-0.1,0,3,62.6,72.0,0
-0.46,7,3,87.6,72.3,1
0.12,3,3,69.4,76.4,1
-0.48,3,4,79.3,64.3,1
0.66,5,1,100.0,51.4,1
-0.52,2,3,68.4,78.6,0
0.97,5,1,70.8,54.1,1
-0.55,3,2,77.8,65.1,0
-0.05,2,2,69.5,56.5,1
-0.1,3,3,86.8,57.9,1
1.46,0,4,72.7,80.7,1
0.66,2,1,84.5,73.6,1
0.23,4,3,64.7,73.2,1
0.8,1,1,59.9,61.5,1
-1.29,0,1,75.7,68.8,0
0.37,5,2,62.3,80.1,1
2.0,3,3,93.2,75.4,1
0.51,1,1,62.7,85.0,0
0.45,5,2,67.6,86.6,1
0.84,6,4,82.1,73.2,1
1.12,0,2,72.1,55.6,0
-1.2,1,4,62.8,67.7,0
-0.95,2,4,98.4,74.9,1
0.57,5,2,68.0,67.5,1
-0.17,0,3,76.0,64.4,0
1.45,6,3,75.9,76.8,1
0.15,2,2,85.1,100.0,1
-1.15,1,2,82.6,70.6,0
-0.61,6,2,69.7,76.0,0
-1.8,0,1,74.7,61.6,0
0.21,1,1,75.7,89.7,1
0.25,7,2,85.5,85.6,1
0.06,4,4,66.3,84.9,1
1.26,3,1,98.2,91.0,1
1.36,5,1,70.4,71.3,1
0.26,5,2,77.9,72.7,1
-1.31,4,3,66.4,94.8,0
0.89,0,1,65.0,83.0,1
0.84,4,1,69.3,51.6,1
0.65,2,1,68.3,81.0,1
1.19,6,2,73.9,69.6,1
-0.53,4,1,68.2,85.9,1
2.01,0,4,85.0,80.5,1
-0.37,7,4,70.2,56.9,1
1.0,2,2,69.1,79.0,1
-0.95,2,1,74.1,78.3,0
-0.34,7,1,87.9,80.0,1
1.61,6,2,80.1,82.3,1
0.19,6,2,77.0,92.5,1
1.07,5,3,63.7,80.6,1
0.59,7,2,66.6,76.3,1
0.32,0,2,65.2,88.6,0
1.49,4,2,91.1,100.0,1
0.21,2,3,83.3,86.1,1
-1.02,3,3,69.4,78.3,0
-0.24,1,1,72.4,80.8,1
0.84,1,2,69.7,78.8,1
0.72,3,3,69.1,76.2,1
-0.85,7,3,82.6,99.8,1
-0.18,5,3,75.1,67.8,1
-0.07,2,3,98.8,88.7,1
0.11,3,3,90.5,74.6,1
-0.7,4,2,91.1,59.7,0
-0.1,1,3,84.7,73.9,1
-0.18,4,2,73.8,70.0,1
1.02,5,2,84.0,82.4,1
1.05,1,1,74.5,77.0,1
0.28,4,2,94.3,64.8,1
0.09,5,1,82.0,92.2,1
0.51,4,1,80.6,88.0,1
-0.25,2,2,79.3,93.4,1
-0.52,4,3,95.4,78.6,1
-0.35,6,4,63.7,75.6,1
-0.11,1,1,96.4,83.7,1
-0.53,4,4,76.1,69.6,1
0.53,5,2,63.9,77.4,1
0.98,2,3,70.5,74.1,1
-0.87,3,3,61.5,59.9,0
0.42,7,4,84.5,77.4,1
0.22,2,1,67.6,71.1,1
0.67,4,4,79.7,73.3,1
0.39,1,1,89.3,80.0,1
-0.76,7,4,71.3,90.0,1
-0.61,4,3,75.3,66.7,0
0.42,6,2,65.0,72.3,1
1.22,4,2,74.1,67.6,1
-1.37,2,1,100.0,66.9,0
0.68,2,4,85.8,69.5,1
1.35,5,3,75.4,73.8,1
0.28,6,4,71.9,82.4,1
0.84,1,3,77.6,79.5,1
-0.16,6,4,79.3,64.4,1
0.3,6,4,73.8,90.2,1
-0.9,0,2,83.3,86.4,0
-1.48,0,3,68.5,66.1,0
1.15,5,2,68.4,89.5,1
-0.39,6,4,81.7,79.6,1
0.04,3,3,66.3,74.3,1
-0.71,5,2,85.3,79.9,1
-0.73,7,3,77.9,75.7,1
0.26,2,2,59.7,82.0,0
-0.18,1,3,79.1,78.1,0
0.7,7,2,61.1,72.3,1
0.76,2,2,84.9,53.7,1
0.66,3,4,75.5,81.8,1
0.59,3,1,96.5,71.9,1
1.66,4,4,88.7,84.6,1
-0.45,2,1,67.4,81.3,1
0.36,5,1,57.8,72.2,1
1.31,5,1,70.4,87.3,1
1.41,1,1,65.8,78.3,1
-0.74,3,1,96.3,77.8,1
0.15,0,4,77.9,74.5,0
1.49,1,4,87.3,94.5,1
0.81,7,3,75.1,68.2,1
0.56,4,1,76.2,72.5,1
0.23,4,4,77.7,62.4,1
0.09,7,3,89.1,84.0,1
0.63,5,3,81.1,69.6,1
0.2,6,4,67.4,70.8,1
0.37,5,2,94.2,70.3,1
0.46,3,2,75.1,76.7,1
-0.14,5,4,73.4,62.2,1
0.83,2,3,49.7,51.3,1
2.73,7,3,84.3,81.0,1
-1.02,1,3,79.0,52.8,0
0.66,7,4,79.0,85.4,1
-0.21,7,2,74.0,93.1,1
0.86,1,1,72.2,74.2,1
0.44,5,2,74.3,90.3,1
1.01,7,3,82.6,75.7,1
1.34,4,4,84.4,93.6,1
0.55,2,2,75.7,71.0,1
1.31,7,3,87.5,50.0,1
-1.48,4,4,77.2,75.1,0
1.67,0,4,73.0,94.8,1
0.7,1,4,80.0,81.9,1
1.26,5,4,64.4,70.3,1
-0.58,3,3,80.3,79.6,0
-0.26,1,2,62.6,86.7,0
0.52,6,2,67.7,75.1,1
0.39,0,3,57.8,100.0,1
0.63,1,1,76.2,70.3,1
1.27,3,3,94.1,87.0,1
-1.01,0,3,76.8,84.4,0
1.18,3,3,84.4,68.3,1
0.41,7,2,100.0,71.3,1
0.24,7,3,82.0,87.2,1
-0.78,6,1,70.3,77.6,1
0.8,2,3,71.7,79.7,1
-1.53,0,4,78.0,58.0,0
0.92,6,4,71.7,83.2,1
-0.79,2,4,72.4,79.2,1
0.44,5,2,87.9,75.3,1
0.3,0,1,88.3,80.0,1
1.34,5,3,61.5,71.5,1
0.26,4,1,69.8,69.5,1
-0.16,7,2,73.4,73.3,1
-0.01,0,3,84.0,70.9,1
1.42,3,3,89.4,100.0,1
0.83,7,3,100.0,86.0,1
0.09,3,4,73.3,65.3,0
0.21,5,1,73.8,98.4,1
-0.85,1,4,83.9,71.2,0
0.71,5,3,71.2,76.3,1
-1.01,2,2,76.6,85.9,1
1.0,4,2,73.8,54.3,1
0.5,7,3,51.8,73.4,1
2.31,5,3,79.2,69.7,1
-0.48,3,2,76.2,78.3,1
0.32,1,1,90.7,80.1,1
1.84,2,1,78.1,75.2,1
1.35,6,2,65.5,74.6,1
-0.16,1,2,75.4,87.7,1
0.58,5,3,57.1,79.3,1
0.4,3,4,65.9,76.5,1
0.63,2,1,84.4,77.6,1
-0.16,5,2,75.5,96.2,1
0.33,2,1,87.2,77.9,1
-0.88,2,4,58.3,70.3,0
0.51,4,3,75.6,55.0,1
0.76,6,1,73.2,60.2,1
0.22,6,2,87.6,70.9,1
-0.89,5,3,84.7,74.8,1
1.19,5,4,84.4,69.9,1
0.69,6,3,93.4,79.9,1
-0.18,2,2,74.3,69.7,0
0.18,2,3,91.4,65.9,1
-0.8,3,3,67.6,82.7,0
-0.42,5,3,67.2,91.1,1
-0.03,5,1,85.5,63.8,1
1.38,1,3,63.0,78.7,1
-0.11,6,1,83.7,55.0,1
0.91,2,4,79.0,59.8,1
-0.03,7,4,88.7,69.5,1
0.6,5,3,77.4,88.5,1
0.29,7,3,78.6,67.4,1
1.1,5,1,83.1,67.0,1
-0.03,4,4,71.4,76.4,1
-0.86,1,2,70.9,76.4,0
-0.71,3,2,82.7,67.4,0
-0.03,6,3,77.7,97.8,1
-0.6,3,4,73.9,73.1,0
0.73,0,2,77.2,77.2,1
0.03,1,3,93.9,71.6,0
2.3,4,3,73.6,80.8,1
-0.99,5,2,73.3,89.6,1
0.56,7,3,60.9,94.3,1
-0.5,7,4,77.6,67.6,1
0.01,4,2,84.6,88.1,1
0.51,4,4,86.4,82.0,1
-1.46,6,4,79.1,86.7,1
0.59,0,4,87.6,75.0,1
1.92,4,3,85.3,73.9,1
0.04,3,4,89.1,86.3,1
0.61,6,3,87.8,86.5,1
1.22,6,4,93.7,93.2,1
0.27,5,3,76.3,78.2,1
-0.06,5,4,64.7,74.8,1
-1.42,5,4,84.6,48.9,0
0.91,4,4,85.8,58.3,1
0.31,1,3,93.7,71.7,0
-0.41,2,3,90.8,63.9,0
0.5,5,4,97.5,85.0,1
-0.07,4,2,84.2,61.6,1
-0.02,1,1,80.3,70.5,1
0.89,7,4,64.2,70.9,1
-0.67,7,3,81.1,89.3,1
1.24,5,2,72.5,69.3,1
-0.72,1,3,80.1,81.0,0
-0.13,7,1,78.5,78.2,1
1.94,1,2,82.7,85.9,1
1.3,3,2,77.0,85.4,1
0.48,6,2,87.4,75.6,1
-0.35,4,4,50.8,57.3,0
-0.02,1,3,79.9,73.5,0
0.46,0,1,90.0,75.8,1
0.43,2,2,96.7,79.1,1
0.33,5,1,85.3,67.9,1
0.38,5,4,94.8,88.5,1
0.23,1,2,79.7,76.1,1
-0.75,1,2,78.0,65.9,0
-0.01,5,2,83.3,71.0,1
1.13,1,1,78.0,97.2,1
-0.69,0,4,70.2,83.3,0
0.25,3,3,72.8,87.5,1
-0.26,4,2,66.9,64.5,0
0.49,1,2,83.3,68.4,1
0.09,1,3,78.1,68.5,1
1.58,1,1,74.4,78.0,1
0.81,2,4,72.3,74.1,1
-0.65,0,3,83.1,70.6,0
0.94,0,1,85.8,72.0,1
-0.22,2,3,66.7,67.3,0
-0.06,0,4,65.1,74.0,0
0.65,2,1,87.5,88.2,1
0.01,4,3,64.2,59.4,1
1.11,0,3,83.5,79.8,1
-0.22,4,4,94.2,91.2,1
-0.1,4,3,94.2,74.0,1
-0.13,4,3,85.4,70.2,1
-0.05,5,4,85.1,86.2,1
1.28,6,4,100.0,65.2,1
0.9,0,2,54.7,75.8,0
1.77,1,3,73.4,64.6,1
2.21,2,1,86.5,55.4,1
-0.42,5,4,74.6,74.3,1
0.46,6,4,90.4,62.1,1
-0.54,7,2,77.6,75.9,1
-0.22,4,3,79.3,88.3,1
-0.1,3,4,75.3,96.4,1
-0.45,3,1,72.8,77.0,1
-0.44,0,3,72.5,87.2,0
0.28,3,4,80.7,80.4,1
-0.57,4,4,70.3,71.8,1
1.07,1,1,87.5,54.8,1
-0.33,6,4,84.5,93.9,1
2.65,6,4,89.0,64.5,1
0.04,2,1,66.7,91.2,1
0.46,7,3,61.0,81.9,1
-0.64,0,3,78.0,65.3,0
1.76,7,4,100.0,79.4,1
1.3,6,1,90.7,99.5,1
0.64,1,4,72.5,92.9,1
-0.68,5,3,82.2,70.4,1
0.57,2,2,85.3,68.2,1
-0.5,6,2,64.3,77.1,1
1.57,1,4,91.7,74.2,1
1.05,1,4,76.3,89.2,1
0.48,2,2,77.1,84.1,1
-1.55,1,4,78.2,57.4,0
-0.39,2,3,89.4,81.0,0
0.95,4,1,70.4,74.0,1
1.37,5,3,60.9,76.4,1
1.29,4,4,81.2,78.7,1
-0.87,1,1,57.6,89.2,0
0.64,1,1,75.0,86.8,1
1.21,7,1,89.9,67.8,1
-0.93,2,3,83.8,75.4,0
0.39,0,1,88.4,71.1,0
0.62,3,4,84.2,57.5,1
0.16,0,1,100.0,74.8,0
-1.08,2,1,72.1,96.3,0
0.14,6,2,82.0,57.2,1
0.14,2,4,73.6,75.7,1
0.28,5,4,87.6,75.4,1
-0.05,3,2,77.4,79.2,1
0.05,2,3,95.2,65.4,1
0.37,5,4,72.7,60.3,1
0.75,4,4,92.1,60.8,1
0.16,2,1,83.9,90.6,1
0.07,1,4,77.7,65.2,0
0.47,7,4,83.4,70.5,1
-1.14,1,3,80.6,99.2,0
0.78,7,3,81.6,67.9,1
0.4,3,2,75.9,79.8,1
0.43,7,4,71.0,87.7,1
1.17,2,4,74.6,87.2,1
-1.16,4,3,61.2,61.4,0
-1.18,4,3,86.4,68.2,1
0.62,2,2,65.6,79.3,1
0.39,1,3,75.8,97.2,1
0.54,4,1,84.5,67.6,1
0.03,5,4,86.4,70.6,1
0.93,2,3,60.3,80.6,1
1.15,6,3,77.1,82.8,1
0.79,5,1,82.6,83.5,1
0.19,1,3,78.5,66.7,1
-1.29,7,1,91.4,70.1,0
1.02,0,4,69.8,78.4,1
1.38,5,3,57.5,89.9,1
0.92,3,2,86.1,73.4,1
-0.3,5,4,72.6,75.8,1
0.94,6,4,60.4,64.7,1
1.09,5,1,76.4,96.5,1
1.65,5,1,90.3,77.7,1
-0.3,6,2,65.4,87.9,1
0.22,5,1,100.0,76.3,1
1.0,6,3,69.6,76.9,1
0.45,3,3,78.9,59.5,1
-0.49,1,3,65.8,52.3,0
0.73,1,1,78.4,89.8,1
0.86,4,4,76.7,76.9,1
0.47,4,4,63.1,78.3,1
0.58,0,3,100.0,62.3,1
0.19,1,1,73.0,66.1,0
1.58,7,2,73.1,87.7,1
-0.32,5,3,87.7,95.1,1
-0.07,6,3,96.1,69.2,1
0.41,1,1,89.3,83.4,1
1.1,0,4,66.0,78.1,1
-0.8,2,4,80.1,74.7,0
-0.65,6,3,59.2,96.4,1
-1.23,4,2,87.0,71.0,0
0.43,6,3,61.6,89.6,1
-0.49,3,1,70.0,80.2,0
0.09,3,3,78.0,75.8,1
0.93,4,1,82.5,91.1,1
-0.11,7,1,75.4,79.2,1
0.59,3,3,93.2,74.9,1
0.16,4,3,85.2,91.2,1
0.94,7,4,84.4,89.7,1
0.78,2,3,65.7,89.2,1
-0.15,6,4,95.0,40.0,1
0.27,4,4,70.0,80.8,1
1.23,7,2,95.4,78.3,1
0.71,3,4,98.2,75.6,1
-0.72,5,2,83.1,82.7,1
0.92,2,3,88.3,78.9,1
-0.47,5,1,47.2,83.5,1
1.53,2,1,76.0,73.1,1
1.22,4,3,89.0,92.5,1
0.63,6,2,87.2,84.6,1
0.53,3,3,65.8,82.0,1
0.23,3,1,75.1,81.4,0
0.94,2,2,52.6,88.7,1
0.1,5,3,82.1,87.2,1
0.59,4,3,59.2,74.8,1
1.1,4,4,89.3,86.9,1
-0.05,0,4,89.8,77.9,0
-0.09,0,4,73.3,97.1,0
-0.56,0,1,83.2,88.1,0
-0.45,6,3,75.8,69.1,1
-1.06,6,1,80.4,100.0,0
0.98,0,2,66.5,52.9,1
1.85,0,1,84.2,83.0,1
1.54,6,2,61.6,68.3,1
-0.9,4,1,59.7,96.7,0
0.98,2,3,76.8,78.8,1
1.54,4,1,75.9,67.3,1
0.03,1,3,80.7,73.1,0
0.48,1,3,71.5,68.1,1
-1.21,2,1,96.9,72.6,1
0.61,7,1,79.6,72.4,1
-0.45,6,4,80.3,67.7,0
0.56,1,3,80.0,79.0,1
-0.85,4,2,88.0,80.3,1
0.83,7,4,83.8,65.0,1
1.22,7,1,82.4,57.8,1
-0.23,6,4,85.4,79.4,1
-0.51,1,1,59.8,81.9,0
-1.32,1,3,60.1,84.0,0
0.19,1,1,77.2,82.1,0
-0.07,1,1,76.0,93.3,0
-0.84,1,2,83.8,87.0,0
0.76,2,1,78.2,100.0,1
0.04,4,2,83.8,100.0,1
-0.46,3,1,65.5,56.7,0
-0.04,3,1,77.9,51.8,1
1.26,1,4,64.6,75.9,1
0.88,1,4,81.9,81.5,1
0.3,7,4,59.2,75.2,1
0.9,4,1,81.5,83.7,1
-0.53,1,2,63.3,73.0,0
0.43,6,2,74.2,68.4,1
0.52,6,2,86.9,70.0,1
0.02,7,2,80.3,73.8,1
0.75,1,3,61.5,85.3,1
-0.22,5,2,71.3,70.6,1
0.81,7,2,63.0,72.8,1
0.84,6,4,61.1,82.3,1
-1.93,1,4,79.2,73.8,0
1.35,7,2,83.6,88.3,1
-2.04,3,1,82.4,65.9,0
-0.09,3,3,84.0,63.5,1
1.22,4,2,77.9,79.4,1
0.15,6,4,75.3,80.4,1
-0.77,0,2,67.3,66.5,0
-0.47,4,1,73.6,90.8,1
1.22,6,1,64.8,97.2,1
-1.14,4,1,69.5,69.1,0
1.3,2,2,78.9,92.4,1
0.36,0,2,76.8,49.8,0
-0.55,4,4,100.0,87.8,1
-0.07,5,4,64.5,66.6,1
-0.41,4,1,76.7,86.7,1
1.09,7,4,63.8,65.4,1
0.99,4,3,74.1,75.2,1
-0.98,4,2,74.5,67.1,0
0.08,0,2,86.4,73.6,0
-0.29,4,2,73.5,96.1,1
1.43,1,1,76.1,74.8,1
-0.68,5,4,73.7,99.2,1
1.68,1,1,64.0,71.8,1
0.37,7,1,71.5,92.4,1
-0.53,2,2,74.2,58.1,0
-0.14,3,1,78.7,72.8,0
-0.24,1,1,83.6,70.1,0
-0.62,1,2,75.7,92.9,0
0.48,7,2,75.5,78.0,1
-0.58,2,1,60.8,53.0,0
-1.34,4,4,83.4,61.6,0
0.1,7,4,71.0,64.9,1
-1.04,4,3,85.5,86.3,1
-0.2,0,3,91.2,84.9,0
-0.33,2,4,76.1,72.7,1
-0.3,3,2,67.8,70.0,0
2.0,2,2,77.8,83.9,1
0.45,1,1,81.5,63.6,1
0.6,4,3,74.8,81.0,1
-1.02,3,1,72.4,80.1,0
-0.12,2,3,83.6,73.0,0
0.57,3,4,83.0,80.4,1
-0.42,2,1,74.5,77.1,1
1.13,1,3,61.5,81.5,1
-0.56,3,2,82.6,61.3,0
0.17,7,2,70.3,82.8,1
-0.07,4,3,80.1,87.3,1
0.53,4,1,79.5,79.5,1
-0.11,7,4,59.1,82.6,1
0.18,4,2,78.8,74.8,1
0.21,1,2,83.1,85.8,1
-0.19,3,4,84.4,76.7,1
0.79,3,1,79.2,63.4,1
0.59,3,2,58.2,85.0,1
0.33,1,4,90.8,58.0,1
0.06,0,2,82.1,79.1,0
1.04,2,1,66.0,71.8,1
0.21,7,2,70.1,71.1,1
0.15,5,4,80.3,77.9,1
0.48,6,4,84.8,68.2,1
1.76,1,4,73.1,81.6,1
-0.67,3,2,86.3,76.6,0
1.02,4,4,60.1,69.2,1
-1.11,3,2,67.6,90.7,0
0.57,3,4,57.4,78.3,1
1.66,2,4,69.0,82.9,1
0.79,0,1,93.1,91.6,1
0.54,6,4,98.6,91.4,1
-0.05,7,3,80.3,82.4,1
0.42,0,3,71.6,72.7,0
0.2,3,4,75.8,60.3,1
-0.23,4,1,82.7,78.3,0
0.17,6,3,62.4,88.0,1
0.56,7,1,72.3,79.9,1
-0.21,3,2,92.3,40.0,1
-0.25,5,1,67.5,85.6,1
-0.69,7,1,70.5,86.2,1
0.71,6,4,78.1,72.7,1
0.84,2,2,80.8,86.9,1
0.59,6,2,71.7,82.9,1
1.17,3,2,78.8,68.5,1
0.47,0,3,84.1,90.0,1
0.71,6,3,97.6,62.1,1
0.64,6,3,76.7,75.4,1
0.33,2,4,77.6,74.3,1
-0.02,3,2,93.3,66.9,1
2.17,2,4,72.5,79.3,1
0.04,0,4,64.8,90.4,0
-0.13,7,3,80.5,89.7,1
0.75,0,1,88.8,84.0,1
0.6,4,2,81.6,57.3,1
-0.72,0,3,77.0,61.3,0
1.3,5,2,63.5,77.8,1
0.32,7,2,77.4,75.6,1
-0.49,5,2,90.3,70.5,0
1.35,4,1,65.7,97.0,1
0.9,6,1,75.6,77.2,1
-0.61,7,4,74.1,82.0,1
1.82,6,1,71.0,86.9,1
0.93,1,4,80.5,76.6,1
0.39,4,2,82.4,100.0,1
1.67,6,4,82.3,65.7,1
0.53,2,2,68.2,69.3,1
0.38,5,4,61.5,65.6,1
-0.13,0,3,80.6,93.2,1
0.87,7,4,72.9,84.8,1
0.78,4,1,96.4,70.0,1
0.41,5,4,96.8,66.5,1
-0.23,6,2,97.9,91.2,1
0.5,1,2,68.6,80.0,1
0.34,3,1,83.7,91.5,1
-0.67,6,4,86.7,75.3,1
-0.78,1,3,85.6,81.6,0
0.85,6,4,74.5,79.3,1
-1.68,2,3,90.8,69.1,0
0.56,4,1,78.0,74.4,1
0.02,4,2,79.3,63.0,1
1.45,5,2,62.6,81.4,1
0.01,6,1,84.4,84.4,1
0.93,2,4,75.4,86.9,1
0.08,1,4,82.6,83.3,0
0.49,3,3,80.4,74.6,1
0.99,4,3,79.8,93.1,1
0.03,6,3,77.5,85.8,1
1.2,6,3,85.9,91.3,1
-0.39,2,1,76.0,92.0,0
0.64,7,3,63.4,74.6,1
1.14,0,4,83.7,80.3,1
0.93,0,4,69.9,84.5,1
1.93,0,3,64.8,63.4,1
-0.21,7,4,67.8,63.6,1
-0.7,1,3,80.8,61.7,0
-0.4,4,2,77.0,74.8,0
0.93,6,2,56.7,72.3,1
0.8,6,3,74.2,60.2,1
0.48,7,4,89.7,77.6,1
-0.5,0,1,73.5,74.9,0
1.01,3,2,76.3,89.0,1
-0.58,4,3,88.4,98.1,1
1.33,5,4,86.0,81.0,1
2.69,4,2,88.2,68.3,1
0.69,4,3,50.3,83.1,1
0.87,2,1,95.3,76.1,1
0.01,0,2,84.4,73.4,1
-1.05,3,4,100.0,66.5,1
-0.08,2,3,70.2,70.9,1
-0.47,4,4,60.4,74.0,1
-0.76,6,1,78.1,84.8,1
1.78,4,2,75.2,81.6,1
0.62,4,4,84.5,96.1,1
0.7,0,4,88.7,83.4,1
0.15,5,4,77.1,80.7,1
0.26,3,2,75.6,72.6,1
1.17,0,4,83.2,64.6,1
0.37,1,2,75.4,69.7,0
0.82,6,4,74.6,68.3,1
0.24,7,4,88.4,47.8,1
0.13,4,2,90.6,64.9,1
-0.73,7,2,88.8,93.6,1
-1.18,1,4,76.3,80.1,0
0.19,2,2,56.6,71.9,1
0.45,7,2,76.5,80.4,1
-0.63,1,3,70.4,54.5,0
0.37,5,4,76.7,79.1,1
0.44,1,1,71.3,90.1,1
-1.32,2,4,77.8,74.7,0
-0.33,3,2,67.6,56.5,1
0.73,2,1,65.2,71.4,0
0.71,6,2,90.2,90.1,1
-0.52,7,2,68.3,78.8,1
0.53,4,3,78.0,60.4,1
1.22,4,3,87.5,100.0,1
1.02,0,1,87.1,62.2,1
0.32,1,2,85.9,73.3,0
0.03,0,1,81.0,64.6,0
-0.1,6,2,85.2,64.6,1
0.77,1,3,91.7,71.0,1
0.56,2,4,82.3,83.0,1
0.9,6,1,59.6,90.2,1
0.51,5,3,72.7,71.8,1
1.06,4,2,85.0,64.9,1
0.48,0,2,71.7,81.3,0
1.03,4,3,94.2,81.6,1
1.1,4,1,77.4,78.6,1
-0.24,2,4,78.9,79.0,1
-1.05,5,2,89.2,74.8,0
1.63,7,1,76.2,77.1,1
0.61,2,4,79.8,74.0,1
-0.97,2,4,87.0,87.8,1
-0.17,2,3,63.3,100.0,1
1.02,6,3,75.1,78.0,1
0.18,0,1,86.3,75.9,0
-0.01,7,2,78.7,78.8,1
1.52,6,2,92.7,68.8,1
-0.44,3,4,62.2,84.4,1
-0.24,4,2,61.1,80.9,0
0.57,7,3,85.7,71.4,1
0.71,6,2,86.7,85.9,1
0.8,2,3,76.1,76.2,1
1.13,0,1,82.0,65.3,1
0.56,5,3,85.5,79.9,1
0.79,1,1,69.9,78.6,1
0.19,0,3,70.9,86.6,0
0.45,7,1,79.9,85.1,1
0.49,3,4,87.0,74.8,1
0.57,5,4,66.3,70.8,1
1.02,1,3,76.0,76.0,1
0.84,0,4,75.6,80.0,1
0.44,0,4,82.2,81.3,1
-0.25,2,1,77.9,79.3,1
0.45,0,3,72.5,75.0,1
0.38,3,2,90.5,87.0,0
0.55,2,4,72.6,68.6,1
2.17,4,4,75.1,100.0,1
-0.02,4,4,62.1,84.4,1
0.74,2,2,70.9,63.6,1
1.25,3,1,83.2,78.0,1
0.48,0,1,81.2,84.5,1
2.27,2,1,84.0,72.2,1
0.1,7,4,83.5,59.6,1
0.66,7,3,98.9,64.6,1
-0.24,3,2,70.5,82.0,1
0.12,7,2,61.8,56.7,1
0.6,4,1,67.5,60.1,1
1.08,1,3,71.0,81.9,1
0.66,6,2,68.3,73.6,1
1.41,3,4,78.9,68.3,1
0.32,4,1,90.5,70.6,1
0.13,5,4,93.4,59.8,1
2.56,2,1,83.0,81.3,1
0.72,5,2,99.4,67.1,1
-0.18,4,2,74.4,70.1,1
-0.16,2,3,61.7,79.8,1
-0.35,2,3,88.5,73.2,1
1.15,5,1,59.6,68.2,1
0.11,1,2,70.4,54.1,0
0.5,0,3,83.2,80.0,1
0.35,7,2,77.0,76.9,1
0.99,2,1,76.1,70.3,1
-0.28,5,1,66.2,64.6,1
-0.46,5,3,77.9,76.1,1
0.58,6,2,88.0,81.3,1
0.88,5,3,78.2,77.1,1
0.67,5,1,69.7,94.0,1
-0.25,6,3,65.5,83.8,1
0.94,7,1,69.9,74.8,1
-0.2,0,3,81.9,84.1,0
-0.02,5,4,81.4,76.5,1
-0.36,1,2,70.0,76.5,0
1.44,7,1,55.9,90.3,1
0.91,0,1,82.2,66.1,1
0.88,1,2,69.0,76.3,1
1.4,1,1,84.9,89.1,1
2.65,4,4,70.4,79.4,1
-0.97,0,4,68.1,71.9,0
-0.19,0,4,79.5,57.2,0
-0.09,4,4,100.0,51.0,1
-0.28,7,3,85.5,98.8,1
-0.46,4,2,79.4,79.4,1
0.16,3,2,81.6,69.6,1
-0.57,5,2,60.5,79.8,1
0.67,4,4,66.8,65.6,1
0.44,3,2,52.9,72.4,1
0.78,4,2,95.3,65.6,1
0.81,0,3,93.3,60.5,1
0.88,1,2,81.9,52.8,1
0.1,5,2,79.4,58.4,1
2.1,2,1,62.5,87.2,1
0.59,0,1,75.8,65.1,1
-1.09,0,1,95.9,81.9,0
-0.4,6,2,79.3,86.5,1
-0.99,2,4,72.4,76.2,1
0.41,0,2,60.4,72.7,0
0.3,5,3,91.8,77.5,1
0.03,4,2,77.3,71.4,1
2.01,3,2,60.4,89.2,1
0.84,7,1,68.8,96.6,1
0.98,2,3,65.2,91.9,1
-0.34,4,3,76.7,52.3,1
-0.4,5,2,80.1,71.2,1
0.43,4,3,73.0,76.0,1
0.54,1,2,85.8,81.1,1
-1.09,5,2,78.8,57.0,0
0.26,5,3,88.6,56.8,1
0.41,0,3,74.4,90.4,1
0.23,1,1,100.0,69.8,0
-0.25,5,2,72.4,59.6,1
-0.03,0,2,69.0,63.9,1
0.26,7,4,67.7,80.3,1
0.47,0,2,75.9,67.0,1
0.88,7,4,60.8,78.7,1
1.26,5,3,80.9,65.2,1
0.16,3,1,58.9,56.8,0
0.04,2,2,79.6,91.7,1
0.75,2,4,64.5,80.4,1
0.89,5,2,74.2,72.3,1
0.05,6,3,84.0,70.3,1
1.03,1,4,100.0,92.1,1
1.18,4,3,67.2,82.5,1
1.43,7,1,76.5,88.6,1
1.82,2,2,70.8,69.6,1
-0.29,5,2,69.3,76.6,1
0.41,1,2,70.9,80.4,1
0.41,6,4,86.2,69.9,1
0.32,1,1,73.1,74.9,0
-0.12,2,3,100.0,69.6,1
-0.79,3,4,82.2,80.4,1
0.47,2,4,67.9,61.5,1
-0.21,1,3,74.3,82.3,1
0.47,5,4,70.0,79.4,1
-0.24,0,2,86.0,73.8,0
-0.48,7,3,61.6,80.9,1
0.59,0,3,64.6,72.0,1
0.52,2,1,72.1,68.6,1
0.86,7,1,84.8,82.0,1
2.15,1,4,90.3,82.5,1
0.62,0,1,91.8,70.4,1
0.79,5,2,83.3,69.5,1
-0.46,0,3,77.2,74.0,0
-0.63,7,3,85.9,69.9,1
1.67,3,3,66.6,92.8,1
-0.34,6,4,59.6,79.5,1
-0.44,1,4,82.4,76.2,0
0.37,1,4,67.9,65.7,0
0.33,7,3,77.3,84.1,1
-0.32,6,4,79.2,69.3,1
0.16,7,3,80.5,68.8,1
1.38,2,3,87.4,84.5,1
-0.24,3,4,86.3,80.3,1
-0.71,4,4,80.0,48.5,0
1.15,3,1,73.6,74.3,1
0.79,1,4,79.1,77.4,1
-0.1,3,3,72.0,72.3,1
-0.87,4,4,76.0,77.8,1
-0.2,0,3,100.0,56.1,0
0.36,2,4,79.8,44.9,1
1.33,2,2,82.5,65.3,1
-0.43,0,1,70.9,79.1,0
0.33,0,1,88.2,40.5,0
0.94,3,2,85.6,66.7,1
-1.51,0,1,85.7,54.8,0
1.23,2,2,80.1,73.3,1
-0.55,4,1,88.3,97.5,1
0.67,6,1,90.7,73.6,1
0.6,0,3,80.8,74.8,1
1.27,3,4,76.9,85.2,1
0.84,0,1,86.9,76.2,1
-1.5,3,3,69.0,73.6,0
-0.23,3,3,70.8,86.2,1
0.51,6,3,77.5,81.2,1
0.24,3,1,60.6,79.2,1
0.78,7,3,86.3,74.5,1
1.03,1,1,68.4,72.2,1
0.89,0,1,73.3,86.1,0
0.23,0,2,75.9,72.3,0
-1.08,2,4,78.4,89.5,0
0.04,1,1,74.6,64.5,0
0.73,0,4,77.3,91.8,1
-0.47,1,4,77.4,81.2,0
0.91,7,4,73.5,65.3,1
1.13,6,2,70.3,81.6,1
0.5,0,1,88.8,68.8,0
-2.05,7,1,57.0,76.4,0
-0.62,1,4,75.9,70.6,0
1.91,3,1,73.3,74.5,1
-0.04,2,3,82.2,86.4,1
-1.19,3,2,63.5,81.7,0
1.39,6,4,73.0,63.6,1
0.41,5,3,77.0,64.3,1
1.28,4,3,88.7,79.0,1
0.62,5,4,81.3,79.8,1
0.77,5,4,66.2,68.6,1
0.69,1,2,73.1,93.5,1
0.96,3,3,86.9,84.9,1
2.22,0,3,66.0,69.1,1
1.18,5,4,77.2,68.1,1
-0.86,3,2,77.9,73.5,0
0.76,5,2,74.1,72.3,1
1.31,4,4,100.0,89.8,1
1.36,2,4,73.9,86.8,1
0.06,1,3,82.5,76.4,1
1.33,7,1,70.3,83.5,1
1.14,2,2,83.3,85.1,1
2.46,0,2,86.7,76.6,1
-0.2,2,3,72.1,80.4,0
-0.01,7,3,77.5,82.5,1
0.16,2,4,69.0,81.4,1
0.01,7,1,66.6,67.4,1
-0.31,3,2,88.4,68.5,0
-1.81,6,3,72.5,72.8,1
0.05,5,4,53.9,68.2,1
0.7,0,1,95.7,59.8,1
0.01,4,4,70.0,83.4,1
1.95,3,1,75.5,79.8,1
0.41,1,1,94.4,61.3,0
1.43,4,4,76.6,73.3,1
0.61,0,4,76.4,74.0,0
1.06,5,4,65.7,78.0,1
0.62,6,3,61.7,64.1,1
1.5,0,3,76.3,61.1,1
0.44,3,3,81.6,81.7,1
0.8,5,3,81.1,59.1,1
0.69,0,3,73.2,73.4,1
0.17,3,2,78.2,72.4,1
0.72,2,4,59.6,74.6,1
2.19,0,2,82.6,78.8,1
0.18,6,3,79.6,93.6,1
0.74,3,3,97.7,58.4,1
1.41,6,3,78.1,85.6,1
1.31,4,3,68.6,48.4,1
0.41,7,1,77.5,91.3,1
-1.51,7,2,74.7,53.5,0
0.81,4,2,82.3,100.0,1
-1.38,2,2,78.3,71.7,0
1.58,3,4,65.4,90.2,1
0.54,6,4,61.6,87.9,1
1.2,3,3,80.6,71.2,1
-0.32,4,2,91.8,72.0,0
-0.84,1,1,78.8,66.8,0
0.61,7,4,86.1,84.7,1
0.37,5,4,88.1,71.3,1
0.01,2,2,80.7,67.0,0
0.47,4,4,69.9,81.9,1
2.61,3,4,80.0,66.1,1
1.07,1,3,90.1,72.4,1
1.24,6,1,83.3,77.2,1
1.08,7,1,85.5,68.9,1
1.58,6,4,73.4,70.6,1
0.25,2,3,76.0,92.9,1
-1.24,2,1,76.8,73.8,0
0.25,0,1,77.5,72.0,0
1.05,5,4,89.7,74.1,1
-0.38,2,2,54.5,81.0,0
0.26,7,2,78.3,64.6,1
-0.15,6,3,77.2,80.7,1
1.6,1,2,64.3,78.8,1
1.0,7,4,84.7,56.3,1
0.92,1,3,70.8,95.7,1
0.9,3,2,74.4,92.1,1
0.37,3,2,96.5,67.2,1
0.56,7,4,88.1,63.7,1
-0.55,5,3,83.7,78.5,1
-1.35,7,4,81.8,60.3,1
0.52,4,2,76.4,91.0,1
0.66,6,1,98.0,70.8,1
1.37,6,4,86.0,93.8,1
1.66,6,1,70.5,66.9,1
1.66,3,4,64.0,74.8,1
-0.4,3,3,83.7,89.9,1
0.12,7,1,77.4,72.4,1
0.78,6,4,63.7,79.0,1
2.43,7,1,82.3,88.0,1
1.58,4,2,75.3,69.9,1
1.3,7,2,83.3,62.1,1
0.09,5,3,82.4,60.0,1
-0.31,5,3,71.9,82.4,1
1.03,1,3,84.3,80.3,1
-0.48,4,2,73.0,87.7,0
0.21,5,3,73.7,73.0,1
0.31,6,1,72.7,60.3,1
1.67,7,3,89.3,50.1,1
0.12,2,1,75.2,100.0,1
-1.55,2,1,91.7,81.8,0
0.8,7,3,95.8,77.5,1
-0.16,7,1,70.6,79.1,1
0.43,1,4,48.8,60.3,0
0.33,3,1,88.4,67.3,1
0.18,7,1,74.6,95.2,1
1.03,1,4,69.3,83.2,1
-0.83,6,1,72.1,67.6,1
-0.01,0,4,73.9,62.5,0
0.95,1,2,91.0,70.3,1
-0.09,6,4,79.6,72.5,1
-0.89,4,4,90.8,98.5,1
0.93,4,1,82.9,73.9,1
1.3,6,2,74.9,62.9,1
0.36,2,3,74.1,75.4,1
-1.17,4,4,83.6,78.9,1
0.96,4,1,86.2,61.9,1
-0.93,5,1,88.0,80.4,0
0.65,2,2,75.4,89.3,1
-0.31,5,1,79.8,77.5,1
-0.53,3,2,83.8,67.2,0
0.05,4,1,74.2,70.2,1
0.25,6,4,66.7,57.8,1
-0.12,3,4,69.9,74.5,1
0.87,5,1,75.6,79.4,1
0.04,7,3,84.6,66.1,1
1.18,6,3,90.6,97.3,1
0.62,7,3,64.4,84.7,1
-0.16,4,4,72.0,56.3,1
-0.29,2,3,74.4,56.5,0
-0.92,7,3,85.9,65.2,1
0.63,5,1,72.7,93.3,1
0.12,1,1,73.7,85.8,1
-1.5,2,3,63.9,93.9,0
-0.03,2,4,82.8,76.1,1
-0.32,6,2,76.4,73.7,1
1.66,0,3,71.5,62.3,1
-0.96,5,1,75.4,79.8,1
-0.75,4,2,89.3,73.8,0
1.29,0,4,68.0,73.4,1
1.49,4,3,69.6,93.8,1
-0.2,6,1,90.5,74.6,1
-0.11,5,4,78.8,90.6,1
0.89,4,4,84.7,58.5,1
-1.46,2,2,82.0,100.0,0
-1.09,1,2,77.6,71.9,0
0.18,0,3,74.5,83.8,0
1.64,2,4,86.3,85.5,1
0.05,5,2,89.6,70.5,1
0.48,0,1,88.8,85.0,0
1.31,7,1,66.1,85.6,1
2.09,4,4,91.0,68.2,1
-0.06,2,4,74.4,68.3,0
0.39,7,4,70.4,76.5,1
1.86,1,1,76.3,74.7,1
-0.82,7,1,86.3,91.3,1
1.22,2,2,83.4,83.7,1
-0.41,3,1,75.4,75.2,1
0.48,3,2,86.4,82.7,1
0.21,7,3,79.4,53.5,1
-0.37,2,2,72.3,69.2,0
-0.39,7,1,70.9,79.2,1
0.62,2,2,82.1,88.3,1
1.2,2,3,77.2,78.2,1
0.3,5,3,64.2,92.0,1
0.46,5,2,86.5,85.5,1
0.86,2,2,73.2,70.6,1
-0.38,1,3,93.9,74.5,0
0.99,3,1,64.0,80.5,1
1.06,4,4,76.2,71.1,1
2.48,0,4,71.0,92.8,1
0.1,0,1,68.2,63.8,0
0.03,7,4,73.1,79.5,1
1.02,0,1,95.7,84.1,1
1.06,3,2,79.4,72.6,1
-0.03,6,3,70.1,70.1,1
0.08,2,2,59.7,75.2,0
0.83,3,1,60.8,84.9,1
-0.26,0,1,72.6,70.5,0
0.07,6,3,71.7,64.2,1
0.47,5,1,75.8,88.7,1
1.2,6,2,55.3,80.4,1
-0.08,6,2,77.1,87.1,1
-1.07,2,4,88.3,84.4,0
-1.13,0,4,94.2,100.0,0
-0.61,2,4,59.1,88.3,0
-0.65,1,3,70.0,68.0,0
0.28,4,3,69.5,81.2,1
-0.55,1,2,79.5,69.9,0
-0.16,7,1,65.8,71.0,1
-0.22,4,4,94.8,60.5,1
0.05,2,2,78.4,72.9,1
1.46,7,2,76.8,82.0,1
0.93,6,1,93.9,75.3,1
0.41,3,2,77.8,63.9,1
0.03,1,3,82.0,59.2,0
0.05,2,2,70.5,99.2,1
0.66,4,3,64.3,79.6,1
0.87,6,1,71.9,66.9,1
-0.33,2,1,99.9,81.1,0
0.43,5,4,84.3,100.0,1
-1.23,2,2,80.7,82.8,0
0.57,1,2,68.2,45.3,0
1.01,3,2,87.1,100.0,1
0.18,1,3,64.4,55.7,0
1.85,3,3,62.3,73.7,1
-0.3,2,2,72.4,63.5,0
0.57,2,4,97.5,67.9,1
0.37,6,4,97.0,79.1,1
0.32,2,1,73.5,53.2,1
0.31,5,3,71.3,75.0,1
0.49,5,4,61.6,88.6,1
1.08,5,2,78.8,66.7,1
1.5,2,1,79.6,60.7,1
0.4,6,1,85.9,74.5,1
1.05,1,3,87.1,72.3,1
-0.16,2,4,76.0,69.5,1
1.01,6,1,83.6,62.9,1
-0.21,2,3,71.0,81.7,0
1.27,5,2,83.4,82.5,1
2.17,0,2,72.9,64.3,1
0.3,4,3,82.6,65.8,1
-1.35,6,4,81.8,77.5,1
-0.04,5,1,78.7,65.4,0
1.39,4,1,85.9,78.0,1
0.84,6,2,62.3,92.1,1
0.6,2,2,67.4,75.3,0
1.21,3,3,75.3,62.7,1
0.79,0,3,63.6,80.3,1
1.37,5,1,73.9,74.0,1
1.14,5,2,74.3,74.3,1
1.62,6,3,91.1,81.2,1
0.69,5,2,79.4,83.6,1
1.12,1,3,88.3,76.4,1
0.15,5,2,81.0,75.3,1
-0.08,6,2,72.6,98.7,1
1.77,1,1,79.3,89.2,1
0.57,3,1,85.3,85.2,1
1.04,7,1,89.9,77.4,1
0.5,3,3,76.7,64.9,1
-0.07,6,1,61.5,88.4,1
0.41,4,3,60.8,77.6,1
1.55,5,4,74.7,69.7,1
0.84,5,3,54.6,73.3,1
-0.97,5,3,96.0,65.4,1
0.23,6,1,84.0,87.6,1
1.83,7,2,71.6,83.5,1
0.23,2,4,66.9,78.0,1
-1.04,7,2,88.3,75.5,1
1.91,5,4,66.9,68.5,1
0.95,4,3,67.8,52.6,1
0.34,2,2,70.3,60.5,0
0.1,3,1,79.1,67.8,0
1.27,5,1,84.2,66.2,1
-0.03,2,2,89.9,79.2,0
1.32,2,2,88.4,84.9,1
0.83,6,3,78.0,74.6,1
0.6,3,3,88.2,91.5,1
0.52,5,2,71.3,67.4,1
0.26,0,3,59.8,74.5,0
1.24,0,4,71.3,75.4,1
-0.29,6,3,69.9,88.0,1
-0.9,1,4,71.7,77.2,0
0.89,6,2,68.4,77.5,1
0.9,7,4,73.4,57.8,1
0.78,3,2,84.2,66.1,1
0.73,7,1,95.2,88.1,1
0.14,3,1,60.7,53.2,0
1.03,7,1,65.1,90.8,1
0.36,1,4,70.1,81.5,1
0.01,3,1,85.7,67.8,1
0.15,3,4,76.0,66.8,1
2.02,6,4,70.8,96.9,1
-0.99,0,2,85.2,91.5,0
0.8,6,4,87.6,74.7,1
-0.94,0,4,77.8,77.5,0
0.31,2,4,69.8,68.9,1
0.05,4,2,80.7,77.5,1
-1.27,1,2,75.7,68.6,0
0.71,3,1,75.6,75.1,1
0.1,7,4,72.9,95.9,1
-1.28,6,4,87.2,74.9,1
1.07,0,3,80.5,64.5,0
1.55,4,1,88.4,61.0,1
1.59,4,4,91.4,77.4,1
0.69,0,2,82.6,67.6,1
0.44,5,3,72.9,78.7,1
1.46,4,3,88.4,58.2,1
1.75,5,1,82.7,83.6,1
1.31,2,1,100.0,64.3,1
-0.35,2,1,81.1,76.5,1
0.56,5,4,85.0,72.3,1
0.75,5,4,80.9,94.9,1
-1.05,1,2,77.0,77.9,0
0.78,1,2,75.4,97.4,1
2.22,4,2,80.9,82.2,1
0.91,6,2,83.2,91.7,1
1.58,1,3,89.5,73.7,1
0.55,1,2,81.1,79.8,1
0.34,6,3,73.4,89.4,1
0.71,5,2,74.7,86.0,1
-0.25,7,3,64.8,81.8,1
-0.37,6,4,94.6,72.4,1
1.41,7,1,72.6,74.3,1
1.5,1,1,87.7,88.5,1
-0.39,2,3,80.8,90.8,0
1.17,1,1,81.0,69.5,1
0.33,0,1,76.8,67.8,0
0.67,6,4,70.1,66.1,1
0.77,5,2,68.3,85.1,1
1.2,0,3,95.3,65.8,1
0.47,1,4,79.1,85.0,1
1.53,1,1,89.3,82.0,1
0.65,3,2,91.8,70.0,1
0.9,3,1,73.9,93.2,1
-0.27,2,2,82.2,59.9,0
2.13,7,1,78.5,94.3,1
0.78,1,4,66.4,79.5,1
0.97,4,2,76.1,53.2,1
-0.89,3,1,83.9,93.5,0
-0.26,3,1,73.0,86.7,1
1.39,6,1,74.8,71.3,1
0.63,7,1,76.3,65.4,1
-1.13,0,1,99.1,58.7,0
1.23,3,3,59.7,100.0,1
-0.04,0,4,83.0,65.8,1
1.53,3,4,75.5,62.1,1
0.33,4,4,71.6,78.9,1
0.56,3,4,75.2,58.0,1
1.34,2,2,84.7,65.2,1
-0.32,2,2,85.2,86.9,0
-0.39,2,3,79.9,81.1,0
0.24,2,2,88.9,71.7,1
1.06,2,3,90.7,76.2,1
-0.66,5,4,86.2,71.1,1
-0.93,0,1,72.5,75.3,0
1.06,0,4,82.9,67.6,1
-0.08,4,4,83.0,69.6,1
0.09,5,3,69.8,69.3,1
-1.09,2,2,62.3,68.0,0
-0.14,1,2,57.8,87.5,0
0.39,4,1,78.7,84.5,1
1.14,3,2,81.0,65.7,1
-0.22,5,3,66.2,62.9,1
1.73,1,3,88.5,74.3,1
-0.15,0,1,79.5,99.7,0
-0.15,4,3,91.5,64.7,1
1.63,3,4,81.7,74.2,1
0.57,5,1,67.3,77.0,1
-0.04,4,1,82.6,74.8,1
0.28,2,4,84.7,71.0,1
1.48,1,3,72.5,88.7,1
1.57,1,3,63.6,81.0,1
-0.25,6,4,79.0,85.3,1
0.37,1,3,68.0,82.5,1
0.47,4,3,89.2,85.8,1
-0.39,6,1,73.9,93.4,1
0.36,7,4,95.2,90.6,1
0.4,2,4,56.8,100.0,1
1.31,0,2,79.3,89.4,1
1.37,6,3,92.3,68.6,1
0.14,5,3,69.1,85.3,1
0.23,2,1,76.4,83.8,0
0.93,4,1,74.0,97.1,1
-0.07,1,3,71.2,65.4,1
0.87,5,3,80.4,82.1,1
0.33,5,3,65.0,68.5,1
-0.38,2,2,76.9,81.6,1
-0.37,3,4,83.2,73.6,1
1.56,2,2,75.8,81.3,1
0.27,0,1,68.0,60.5,0
1.71,1,1,88.3,84.7,1
-0.01,7,4,85.3,78.3,1
0.63,3,3,67.6,77.7,1
2.31,1,2,65.1,97.5,1
-0.45,0,1,68.5,71.8,0
-1.12,2,1,83.5,79.8,0
1.43,7,1,80.8,77.1,1
-0.26,3,1,85.9,78.2,1
0.38,7,3,74.7,100.0,1
-0.07,3,1,68.8,76.7,0
0.61,6,1,87.2,69.8,1
-0.36,6,2,72.5,96.6,1
0.26,0,3,79.9,72.6,0
0.76,0,2,62.5,58.3,1
-0.41,7,1,72.3,67.9,1
-0.16,7,3,88.1,62.3,1
0.12,1,2,70.8,56.2,0
-0.74,5,1,86.1,72.0,1
0.06,7,3,54.7,75.2,1
0.5,7,4,72.4,89.0,1
0.08,2,3,76.3,82.9,1
0.18,6,1,95.4,82.4,1
0.38,5,2,66.3,66.2,1
-0.12,7,3,84.7,85.7,1
0.95,1,4,88.6,91.3,1
1.55,4,4,70.8,80.3,1
0.03,0,4,74.3,80.6,0
0.79,2,4,79.4,62.1,1
0.21,0,3,63.2,87.6,0
0.69,3,3,73.4,95.6,1
1.65,6,3,90.8,79.6,1
0.81,5,3,83.2,69.5,1
-1.02,2,3,76.4,74.2,0
0.76,3,1,79.1,71.4,1
1.39,2,4,83.8,72.0,1
0.22,5,1,85.7,83.1,1
1.2,2,2,72.4,79.1,1
-0.15,0,2,93.3,87.0,0
-0.79,4,4,91.2,80.1,1
0.51,6,1,84.8,66.5,1
-1.01,3,2,69.6,70.5,0
0.21,1,2,67.8,69.8,0
1.43,0,1,74.7,73.9,1
-1.13,7,1,78.6,95.7,1
-0.62,6,2,60.3,97.5,1
-0.43,1,4,82.9,85.2,0
0.35,0,2,90.9,77.3,1
0.11,1,4,83.8,61.0,1
1.52,3,3,71.2,78.4,1
1.16,6,4,70.1,67.3,1
0.8,1,4,81.0,93.9,1
0.52,6,3,76.5,58.3,1
0.71,0,3,82.4,80.2,1
-0.29,5,1,84.0,66.4,1
1.09,2,3,88.9,75.9,1
-0.49,7,1,66.7,83.3,1
1.07,3,3,80.2,87.2,1
1.35,2,3,74.4,75.3,1
0.57,1,4,77.0,84.4,1
0.26,6,3,86.6,68.7,1
0.72,3,2,87.7,78.7,1
-1.89,2,2,92.0,87.0,0
0.64,5,3,82.3,79.7,1
0.31,4,2,76.9,70.2,1
0.36,5,2,75.5,72.9,1
0.97,3,2,60.7,87.2,1
0.34,0,3,91.4,64.0,1
-0.51,0,1,74.8,65.6,0
0.29,0,3,83.1,82.6,1
0.45,4,2,84.8,71.2,1
0.49,4,2,65.5,60.0,1
0.53,5,2,68.8,90.9,1
1.23,7,1,93.5,63.9,1
-0.47,1,3,80.9,73.8,0
0.54,7,3,72.2,69.2,1
1.43,7,4,76.7,72.7,1
-0.99,4,2,88.9,66.3,1
0.54,4,3,87.3,83.9,1
-0.07,1,3,63.3,77.2,0
0.1,1,3,94.3,86.8,1
-0.32,0,3,87.7,69.3,0
0.26,5,4,76.5,99.5,1
1.87,3,4,66.1,55.0,1
-0.61,1,1,88.5,58.6,0
-0.54,1,2,82.8,95.3,0
-0.64,0,3,63.4,81.2,0
1.78,5,3,75.7,79.8,1
0.03,5,2,100.0,80.7,1
0.38,5,1,78.2,82.3,1
0.08,0,3,70.6,79.3,0
-0.36,0,3,67.9,65.4,0
0.21,0,1,95.7,85.0,1
2.37,6,3,86.5,83.3,1
1.51,5,4,92.1,91.7,1
-0.28,2,3,80.5,95.4,0
0.92,0,4,90.5,79.6,1
-0.27,2,2,69.5,62.5,0
-1.02,6,1,79.6,95.5,1
1.22,1,3,80.9,64.8,1
1.33,6,1,91.8,79.7,1
1.24,3,1,81.2,73.2,1
0.02,1,1,71.7,71.3,0
0.27,7,4,78.6,84.4,1
1.0,4,4,61.2,78.7,1
0.71,5,2,54.8,81.6,1
0.09,0,3,86.3,67.0,0
-0.9,2,2,74.3,74.1,0
0.49,5,1,75.4,67.5,1
1.26,5,4,86.3,73.8,1
-0.56,0,4,92.0,74.7,0
0.91,4,2,83.3,96.3,1
0.67,7,2,97.3,73.1,1
1.0,6,4,83.0,52.6,1
1.1,1,2,81.0,91.3,1
-0.16,7,2,80.4,80.9,1
-0.89,5,2,65.1,74.6,0
-0.03,0,2,87.6,71.2,0
1.11,1,3,53.5,65.6,0
-0.03,7,1,72.1,97.3,1
-0.16,1,2,78.2,76.6,0
-1.06,0,2,70.1,56.9,0
1.8,3,2,73.5,79.6,1
1.06,4,2,96.4,89.3,1
1.02,4,2,89.0,77.7,1
1.17,5,2,71.1,66.1,1
0.86,7,4,73.3,65.1,1
0.2,6,3,65.2,65.9,1
0.27,0,3,85.0,92.7,1
0.06,0,2,75.5,75.2,1
2.51,0,4,58.3,57.5,1
0.84,3,1,79.0,80.2,1
0.03,2,3,82.4,77.6,1
0.77,7,1,87.6,71.1,1
-0.41,2,4,77.3,64.8,1
1.6,0,2,74.3,64.3,1
-0.13,7,2,97.9,88.0,1
0.8,2,1,78.1,78.7,1
1.25,7,4,85.2,81.3,1
0.71,6,2,72.6,78.7,1
0.48,7,2,84.9,79.6,1
0.41,6,4,63.4,70.8,1
0.35,1,1,73.4,73.7,1
-0.06,5,2,65.9,88.8,1
0.04,3,1,72.0,91.6,1
1.58,5,1,90.5,62.6,1
0.31,5,1,71.9,73.7,1
-0.23,4,1,85.2,85.2,1
-0.01,2,4,93.2,96.7,1
1.28,7,2,77.7,95.6,1
0.94,5,4,87.9,67.2,1
0.85,7,2,83.3,90.0,1
0.19,1,4,79.2,76.6,0
0.86,6,1,85.5,87.5,1
-0.11,2,1,96.4,84.7,1
0.19,3,1,71.6,62.1,1
1.18,6,4,68.4,82.0,1
1.1,2,3,67.8,87.1,1
-0.39,2,3,87.9,75.8,0
-0.28,7,4,89.3,73.3,1
0.49,7,2,72.6,58.7,1
1.78,2,3,56.6,83.5,1
-1.13,2,3,71.3,78.3,0
0.62,1,3,83.5,65.9,1
-0.7,0,3,77.3,72.4,0
-0.11,4,2,79.8,77.7,1
0.11,2,1,72.8,69.9,1
0.06,6,1,88.1,76.0,1
-0.03,1,3,81.4,56.8,0
0.41,5,3,83.9,90.8,1
-0.03,4,3,79.6,76.2,1
-0.77,4,3,83.2,63.9,1
1.02,0,1,82.6,48.9,1
1.0,3,2,68.7,87.3,1
1.07,5,2,81.7,82.1,1
-0.83,2,4,85.9,78.3,0
0.64,6,3,89.6,85.5,1
0.94,4,3,82.2,85.5,1
-0.42,2,3,68.3,78.1,0
0.41,0,2,69.9,73.2,0
0.31,1,4,73.6,71.4,1
1.87,3,3,79.9,80.6,1
1.94,3,4,76.8,91.4,1
-0.93,6,3,66.8,74.9,1
2.4,6,3,66.7,92.2,1
-0.33,1,1,57.0,80.1,0
1.18,4,3,46.8,80.2,1
1.18,3,1,76.7,100.0,1
-0.4,0,3,100.0,94.2,1
0.79,5,3,96.0,94.5,1
0.31,4,3,68.2,67.2,1
0.84,0,2,79.5,100.0,1
0.58,3,1,63.4,75.1,1
1.36,5,3,64.9,73.5,1
0.46,2,3,66.0,52.2,1
0.27,2,2,75.7,79.6,1
1.28,0,3,76.2,64.1,1
0.86,1,4,80.5,80.5,1
0.99,7,3,84.6,63.2,1
-0.13,4,1,74.6,95.8,1
-0.44,1,4,78.4,82.1,1
-0.05,3,2,67.1,100.0,1
-0.1,1,3,64.6,64.7,0
1.03,3,4,63.0,93.0,1
1.18,1,2,84.5,56.2,1
0.28,4,3,74.6,78.3,1
1.54,4,1,59.3,69.1,1
1.49,5,4,77.4,71.1,1
0.59,3,1,65.5,70.3,0
-0.26,2,3,94.6,65.9,0
1.66,1,2,72.2,62.1,1
0.35,1,1,84.8,71.1,1
0.5,3,2,88.9,77.3,1
0.13,3,4,68.5,88.8,1
-0.31,5,1,78.8,79.2,1
-0.77,0,2,83.5,88.8,0
0.91,2,1,79.2,59.7,1
-0.23,6,1,81.6,71.2,0
2.85,7,1,64.7,83.8,1
-0.47,7,3,83.5,79.8,1
-0.61,2,4,73.1,66.5,1
0.81,1,3,81.5,86.3,1
1.62,1,4,87.2,70.2,1
0.45,1,3,84.7,67.4,1
0.86,7,2,81.5,81.4,1
-1.07,7,4,84.4,76.1,1
-0.14,6,1,84.9,70.2,1
-0.46,5,3,93.0,69.9,1
-1.12,2,1,77.7,64.2,0
0.49,3,4,79.6,71.6,1
-1.39,6,1,87.3,88.1,1
-0.66,6,1,73.1,78.7,0
-0.03,4,2,64.6,86.5,1
-0.27,6,3,82.9,81.7,1
0.72,2,1,75.9,69.3,1
0.64,3,2,65.9,57.9,0
1.12,6,2,83.0,65.8,1
1.0,3,3,92.3,68.6,1
1.31,6,4,61.7,67.8,1
0.4,3,3,88.2,86.8,1
0.64,2,3,52.6,86.7,1
0.81,1,2,74.0,100.0,1
0.51,4,4,96.4,67.6,1
0.08,3,1,74.7,93.6,1
0.13,2,1,78.9,93.5,1
-0.25,5,1,85.6,73.4,1
0.74,0,2,60.8,81.2,0
0.32,0,2,78.7,89.6,1
-0.13,7,4,78.6,75.4,1
-0.13,5,3,96.6,74.5,1
-0.57,4,2,65.6,69.1,0
1.18,0,1,74.2,50.0,0
0.46,4,3,68.7,76.8,1
-0.29,3,2,67.7,68.2,1
1.05,4,4,89.3,64.2,1
-0.05,0,2,78.3,80.6,0
-0.73,4,3,72.4,60.0,0
1.22,4,4,72.8,84.9,1
-0.03,2,2,72.4,81.3,0
0.07,0,2,73.3,71.6,0
0.43,7,3,65.4,75.3,1
1.31,5,2,75.4,62.9,1
0.42,4,1,74.4,84.3,1
-0.56,6,2,70.4,78.1,1
0.84,5,1,79.6,78.9,1
0.01,1,3,80.4,81.5,1
1.91,3,1,72.4,68.9,1
0.4,7,2,76.6,59.3,1
-1.39,2,4,99.6,86.5,1
0.69,7,3,99.2,83.6,1
1.96,0,3,67.5,70.1,1
1.66,2,3,68.9,80.5,1
1.86,2,2,67.4,89.8,1
-0.42,4,3,88.6,88.5,1
1.13,1,1,74.0,69.8,0
-0.18,1,3,80.4,59.6,1
0.58,5,3,98.0,61.5,1
-0.62,2,4,77.9,72.6,1
-0.12,7,4,85.1,92.1,1
-0.14,6,1,83.2,68.0,1
1.12,2,2,72.1,69.4,1
1.04,4,3,88.6,69.2,1
0.62,2,2,69.5,70.2,0
-0.68,2,3,91.4,75.9,1
0.15,5,4,72.1,61.9,1
-0.2,2,2,73.2,87.9,1
1.1,1,4,67.1,74.4,1
1.34,2,4,68.8,100.0,1
1.25,7,4,73.7,63.1,1
-0.2,2,1,53.7,93.5,0
-1.79,2,2,75.7,91.3,0
-1.01,5,1,72.9,71.5,0
1.54,0,1,85.9,71.7,1
0.08,2,1,82.2,65.9,0
-0.2,1,2,70.9,66.0,1
1.71,7,1,73.4,76.0,1
1.41,7,2,75.7,76.2,1
0.42,6,4,92.9,58.4,1
0.17,1,4,69.8,100.0,1
0.29,4,4,70.8,73.1,1
0.58,5,1,66.7,76.7,1
1.68,6,3,63.2,69.1,1
0.74,1,3,81.1,73.1,1
0.98,5,1,80.0,72.1,1
1.34,1,4,90.8,76.0,1
-0.54,4,2,88.4,75.8,1
1.0,7,4,100.0,84.9,1
0.16,0,1,77.3,78.5,0
-1.61,1,3,75.4,83.7,0
-1.3,6,1,65.0,75.9,0
-0.41,0,4,85.0,78.5,0
0.82,5,3,79.2,73.3,1
0.49,4,1,84.5,87.0,1
0.55,2,1,66.6,79.5,1
1.96,6,2,81.5,74.3,1
-0.62,6,1,80.1,73.9,1
0.38,2,1,79.4,74.8,1
0.64,0,4,71.2,76.3,1
-0.19,1,4,89.9,75.4,0
0.42,0,3,98.5,69.9,1
-0.88,7,4,66.9,84.4,1
1.53,4,3,85.2,85.1,1
-0.15,5,1,49.2,95.6,1
2.03,1,3,84.7,69.4,1
0.37,6,1,59.3,83.3,1
1.22,5,4,72.8,55.0,1
0.36,6,2,64.9,85.1,1
0.38,3,1,75.8,60.0,1
-0.07,5,2,86.4,65.2,1
0.5,4,3,59.4,79.7,1
0.65,3,4,74.4,69.2,1
-0.23,4,3,72.9,67.7,1
0.3,2,1,93.8,70.7,1
-0.09,7,4,82.3,84.0,1
2.24,5,4,66.2,65.7,1
0.33,5,2,73.3,75.4,1
1.64,5,3,93.6,71.8,1
0.24,3,4,85.1,85.0,1
0.61,7,2,68.8,85.3,1
-0.66,1,1,75.3,55.8,0
0.04,4,1,75.6,87.5,1
0.57,0,3,72.6,69.3,1
1.67,2,4,60.9,78.6,1
0.58,4,3,71.2,65.7,1
1.51,3,3,91.9,80.1,1
0.91,7,2,74.2,100.0,1
1.7,4,2,77.0,77.4,1
0.35,3,1,79.4,70.9,1
2.31,3,2,100.0,73.4,1
0.01,4,3,78.1,59.8,1
-0.21,6,4,88.9,91.9,1
-0.57,2,4,72.0,79.4,1
2.26,4,4,75.4,64.5,1
1.06,4,1,78.1,64.8,1
0.13,0,4,70.3,76.2,0
1.4,7,1,76.0,86.3,1
0.95,4,3,86.9,63.3,1
1.97,1,4,70.0,88.2,1
-0.84,5,4,78.0,75.0,1
0.19,5,3,85.1,65.8,1
0.03,7,2,69.8,70.9,1
-1.18,0,3,89.0,95.2,0
1.25,3,3,78.7,60.7,1
0.18,1,3,76.3,67.9,0
0.99,4,2,57.9,86.5,1
2.29,4,2,74.3,78.4,1
0.12,3,3,81.7,67.3,1
0.06,7,1,95.5,86.6,1
0.49,4,4,83.7,87.1,1
1.19,3,1,89.3,79.6,1
-0.05,0,4,65.9,69.3,0
-0.1,2,1,76.7,71.0,1
1.25,7,3,90.2,79.1,1
0.7,3,2,69.1,61.6,1
-1.24,7,3,87.7,90.6,1
-0.58,4,2,85.3,94.7,1
1.6,4,4,80.7,73.4,1
0.72,3,1,74.7,79.9,1
-0.21,4,4,68.1,89.0,1
0.26,0,3,95.8,97.5,1
0.41,0,4,84.3,93.1,1
0.99,3,1,81.4,56.9,1
-0.69,4,1,73.9,72.5,0
-0.27,4,2,78.4,81.5,1
0.62,3,2,79.6,70.6,1
0.32,2,4,82.0,95.6,1
0.86,5,4,85.3,93.9,1
-0.58,4,2,70.2,67.0,1
0.69,0,4,63.3,74.2,1
1.27,3,1,78.8,67.8,1
0.79,5,3,60.5,73.9,1
0.51,6,1,74.8,73.5,1
0.32,2,3,72.9,86.5,1
-0.27,7,2,82.9,66.2,1
0.34,5,2,97.8,47.2,1
1.41,3,2,58.6,58.4,1
0.3,5,2,100.0,64.7,1
-0.31,6,4,75.7,68.8,1
0.01,1,4,81.5,78.1,1
0.56,1,2,63.9,64.1,1
0.1,3,2,88.0,62.7,1
0.79,0,3,78.4,65.8,1
0.82,6,3,77.4,63.7,1
1.11,7,1,58.6,69.9,1
1.54,4,3,78.7,69.4,1
1.2,7,4,86.5,83.6,1
-0.35,0,4,75.6,65.1,0
-0.32,5,3,89.7,72.1,1
0.34,3,2,89.3,70.0,1
0.04,2,2,71.6,84.9,1
-0.51,2,3,94.0,74.3,1
0.05,4,2,78.5,87.6,1
0.02,5,1,78.5,63.3,1
-0.14,1,3,79.0,75.5,0
0.15,4,1,78.7,69.7,1
1.34,7,4,51.7,62.5,1
0.56,0,2,76.1,75.3,1
2.38,7,2,64.4,95.1,1
0.54,4,1,94.3,66.6,1
0.17,2,1,93.9,74.6,1
0.4,5,4,86.5,61.6,1
0.61,4,3,75.6,59.9,1
0.75,6,4,67.9,67.3,1
2.06,0,4,71.4,71.1,1
-0.28,0,1,97.4,71.5,0
1.09,5,2,71.1,73.5,1
0.57,2,4,54.4,57.9,1
-0.86,1,2,88.3,69.1,0
1.02,3,3,93.0,81.5,1
1.41,5,3,94.6,61.1,1
-0.29,1,3,88.4,72.1,0
0.39,7,4,90.0,79.2,1
-0.98,3,4,78.5,67.4,0
-0.61,1,3,57.2,79.8,0
1.24,0,3,78.3,59.3,1
0.03,6,2,84.2,85.8,1
-0.49,0,1,76.6,80.0,0
0.58,3,3,76.2,76.6,1
-0.02,5,1,68.4,88.4,1
0.02,4,3,68.0,72.4,1
0.99,2,2,96.4,69.2,1
-0.53,0,4,96.7,91.1,0
-0.32,5,4,78.0,96.2,1
0.52,3,3,80.8,68.4,1
1.18,0,3,68.2,74.7,1
1.39,1,2,84.4,87.5,1
-0.13,4,2,95.6,75.1,1
1.15,1,1,62.7,82.5,1
-0.23,3,1,82.6,84.6,1
1.86,0,3,83.4,69.8,1
-0.51,6,4,83.3,80.6,1
1.46,5,1,94.4,75.9,1
-0.13,6,2,98.4,62.6,1
2.01,0,3,75.7,65.1,1
0.87,3,3,84.7,68.8,1
-0.41,2,3,78.8,86.2,1
-0.02,4,3,71.7,86.6,1
1.02,6,1,80.7,84.2,1
1.24,1,2,84.7,80.8,1
0.34,6,2,80.2,80.5,1
0.44,4,1,69.2,79.1,1
1.01,6,2,73.4,80.5,1
0.51,0,2,73.4,81.2,1
-0.63,7,4,69.6,60.6,1
-0.25,3,2,81.1,67.3,1
0.59,2,4,82.2,64.7,1
1.37,1,3,87.8,88.2,1
1.69,7,3,69.4,94.2,1
1.02,7,4,72.2,52.1,1
0.63,1,4,93.5,93.2,1
1.0,3,1,76.4,77.0,1
-0.13,5,2,78.3,87.1,1
0.28,4,3,76.2,81.6,1
-0.26,1,4,89.3,91.8,1
-0.6,2,1,89.7,78.3,0
0.67,2,2,89.1,61.0,1
0.55,2,1,78.3,74.8,1
0.95,7,1,69.3,81.7,1
0.84,1,4,97.3,73.6,1
0.59,5,1,86.6,83.2,1
0.85,7,4,73.4,75.3,1
0.37,6,4,92.2,69.4,1
0.73,6,4,72.6,64.1,1
-0.18,1,1,92.1,71.7,1
0.7,1,1,92.8,78.3,1
0.93,6,2,68.8,54.4,1
-0.14,5,3,83.8,67.4,1
0.44,5,4,85.8,54.0,1
-0.1,3,2,100.0,69.2,1
-0.02,4,1,70.6,89.2,1
-0.5,0,4,92.3,63.0,0
1.41,2,4,78.2,83.7,1
1.25,4,3,65.6,100.0,1
0.83,1,3,76.8,92.0,1
1.98,1,4,78.0,77.5,1
0.25,0,2,67.4,85.4,1
2.83,1,1,81.1,60.9,1
0.22,7,3,87.6,58.7,1
0.6,5,2,80.4,76.3,1
0.08,7,4,72.6,80.4,1
0.7,2,4,76.5,88.0,1
1.07,4,2,78.0,69.7,1
0.31,7,2,80.2,78.1,1
1.82,2,2,89.1,77.8,1
0.59,5,3,80.7,74.6,1
0.62,5,3,64.0,75.2,1
-0.33,6,3,72.4,66.6,1
0.73,7,3,79.7,79.1,1
0.29,4,4,89.2,78.1,1
-0.09,4,2,91.0,71.2,1
-0.22,6,1,95.7,83.3,1
2.54,5,4,79.3,87.3,1
0.19,2,4,85.6,83.5,1
-0.77,5,3,63.5,64.5,0
-0.16,4,2,82.3,77.1,1
0.36,1,2,67.2,66.0,0
0.84,4,2,77.4,77.1,1
0.84,4,1,100.0,66.0,1
0.94,7,3,81.0,90.0,1
-0.12,4,2,69.4,84.6,1
0.67,1,2,82.1,88.7,1
-0.3,7,3,72.8,87.6,1
-0.1,4,4,68.4,73.0,1
-0.33,2,1,99.0,71.3,0
-0.55,6,4,88.7,95.2,1
1.25,3,3,81.5,74.2,1
0.95,2,4,74.1,61.1,1
1.18,6,2,74.9,87.1,1
0.43,6,4,93.4,77.6,1
1.02,4,3,81.1,92.6,1
-1.01,2,3,47.2,78.7,0
1.09,6,3,100.0,75.8,1
0.54,1,2,79.8,92.8,1
0.9,5,3,81.4,59.1,1
0.7,4,4,88.9,69.6,1
-0.39,6,4,82.7,66.2,1
-0.8,3,1,85.5,51.9,0
-0.17,6,3,73.8,85.6,1
0.85,0,4,65.7,69.9,1
0.95,6,3,80.8,86.0,1
-0.69,0,2,92.3,80.3,0
-0.38,5,2,71.5,82.7,1
-0.18,1,3,70.7,71.0,1
0.11,7,3,90.2,67.6,1
-0.69,6,2,73.4,77.0,1
-0.74,0,2,73.9,86.1,0
-0.26,7,2,74.3,75.4,1
0.47,2,1,77.4,68.3,1
-0.54,4,1,62.3,62.8,0
0.31,0,1,72.6,78.2,0
1.25,0,2,80.3,69.9,1
-0.64,1,3,80.2,75.2,0
0.23,4,2,89.6,73.4,1
1.22,4,4,96.4,71.1,1
0.07,6,1,93.1,79.2,1
-0.06,1,2,87.1,82.1,1
1.33,5,1,76.5,97.6,1
0.16,0,2,71.8,84.3,0
1.28,2,3,78.2,93.5,1
0.74,1,2,83.9,67.0,1
0.13,0,2,86.2,58.4,0
0.78,4,3,84.2,75.8,1
0.66,7,4,76.8,85.4,1
1.22,5,1,85.9,83.7,1
-0.04,6,1,90.6,89.3,1
0.43,4,1,86.8,48.1,1
0.35,0,3,77.7,89.8,0
0.96,2,4,69.7,79.7,1
-0.42,6,1,69.4,59.0,1
1.21,0,1,71.2,84.0,1
0.77,0,3,80.6,77.9,1
-0.65,6,4,83.2,80.2,1
1.37,0,3,63.9,87.0,1
2.19,7,4,73.0,80.7,1
1.2,6,3,80.4,59.8,1
1.54,5,1,69.0,74.4,1
0.47,4,2,82.3,58.2,1
-0.93,0,4,74.9,83.1,1
-1.08,3,3,70.8,91.4,0
0.6,6,1,78.5,62.3,1
-0.07,7,1,81.9,68.6,1
-0.33,3,3,69.5,66.3,0
0.35,6,2,75.6,71.0,1
0.89,6,3,82.7,80.5,1
-0.76,0,2,70.4,71.1,0
0.04,4,2,61.4,83.2,0
1.61,4,3,62.6,87.7,1
-0.46,4,1,73.8,88.1,0
1.1,6,2,64.8,63.7,1
0.01,7,2,74.5,91.2,1
0.84,4,4,94.6,92.1,1
1.28,2,3,64.2,93.1,1
0.99,7,2,75.2,74.3,1
1.13,7,2,99.3,67.7,1
-0.52,5,1,82.1,65.2,1
1.29,5,1,74.3,63.9,1
-0.28,0,2,76.4,76.1,0
0.61,3,4,82.3,85.3,1
0.61,1,1,95.0,90.4,1
0.79,4,1,72.7,70.7,1
0.67,6,3,70.4,75.6,1
-0.28,1,1,64.2,74.9,0
-0.68,7,4,79.0,69.0,1
1.1,1,4,63.9,84.1,1
0.55,0,4,73.4,80.0,1
1.32,7,2,68.9,77.6,1
0.36,0,2,88.7,79.9,1
-0.72,5,2,72.9,82.8,0
1.17,6,1,82.0,82.7,1
0.1,2,3,62.0,66.8,0
0.67,0,4,79.3,85.9,1
-0.12,2,2,66.0,78.8,0
1.72,0,1,73.7,71.2,1
-0.3,5,3,100.0,78.6,1
0.13,7,2,87.3,79.8,1
0.49,7,4,76.7,87.9,1
-0.47,6,4,100.0,64.5,1
0.66,6,4,68.8,90.6,1
1.69,7,2,89.7,76.3,1
0.01,6,4,62.7,70.4,1
0.72,5,1,75.6,70.1,1
-1.8,7,2,64.5,65.0,0
0.37,2,2,80.6,56.8,1
0.15,3,4,78.6,83.5,1
-0.25,7,3,74.9,97.8,1
1.27,2,2,88.9,58.2,1
0.14,2,1,72.3,65.5,0
0.26,1,4,81.3,84.3,1
0.1,2,3,86.2,75.5,0
-1.13,4,4,63.2,85.2,0
-0.51,7,2,70.5,74.9,1
1.17,1,1,78.5,69.6,1
-1.29,5,2,84.3,73.5,0
-0.21,6,3,92.2,49.8,1
0.08,7,1,75.8,63.4,1
1.79,6,1,74.8,86.4,1
1.01,1,4,69.3,89.1,1
-0.05,3,3,81.3,91.5,1
1.44,7,2,75.0,80.8,1
-0.19,7,3,75.3,51.2,1
1.21,4,3,77.1,69.0,1
-0.69,7,1,83.5,90.6,1
1.26,5,2,72.4,93.9,1
0.08,0,2,70.3,91.0,1
-0.42,7,1,82.3,73.4,1
0.23,1,1,47.7,61.6,1
0.62,3,2,72.0,75.6,1
0.0,1,3,66.5,76.2,0
0.84,5,3,90.0,93.2,1
-0.07,0,4,73.6,78.5,1
0.9,5,2,72.4,76.2,1
0.75,6,3,77.5,76.8,1
0.35,6,4,72.0,80.4,1
0.05,2,3,74.0,82.9,1
0.52,7,4,79.0,68.0,1
0.84,2,1,73.8,64.4,1
2.05,5,4,73.7,91.1,1
1.15,4,3,67.9,57.9,1
1.18,0,3,66.5,94.0,1
2.87,0,1,78.6,55.0,1
0.81,1,3,81.1,69.6,1
0.79,7,4,63.7,86.7,1
0.96,7,3,85.6,76.0,1
-0.41,3,1,85.6,61.5,1
0.04,7,2,87.7,80.7,1
-0.0,0,3,81.0,76.7,0
0.92,7,4,84.4,73.6,1
0.26,1,2,99.9,69.1,1
0.51,0,4,75.0,75.6,1
1.27,6,4,67.5,69.6,1
1.09,3,2,62.7,100.0,1
0.27,2,1,95.6,73.4,1
-0.14,6,4,95.7,71.9,1
1.31,2,3,68.8,70.0,1
1.02,6,4,70.7,95.5,1
-0.89,1,4,74.8,58.0,0
0.15,0,2,90.2,80.0,1
0.53,2,1,65.1,73.4,1
1.02,4,4,58.3,60.3,1
1.13,1,3,99.7,67.0,1
0.63,1,1,81.1,79.5,1
0.87,5,3,82.5,66.5,1
0.45,3,1,75.9,78.9,1
-0.14,3,2,82.7,95.0,1
0.19,1,2,62.9,77.9,0
0.42,0,2,69.6,60.0,0
0.37,0,3,79.1,66.7,1
-1.11,5,4,55.3,72.9,0
0.08,0,2,75.0,72.1,0
0.44,1,3,74.4,77.7,0
0.17,7,4,75.0,79.4,1
0.2,2,3,72.5,95.0,0
0.79,5,2,68.0,76.0,1
-0.46,2,3,59.8,63.3,0
-0.9,7,2,79.4,88.7,1
0.12,6,2,75.0,89.9,1
1.01,3,3,64.2,78.6,1
1.75,5,2,78.6,73.3,1
1.03,3,1,75.1,82.8,1
-0.77,7,4,73.4,73.7,1
0.21,2,3,56.4,53.4,0
0.61,6,1,84.8,82.2,1
0.54,4,2,65.7,85.8,1
0.83,5,2,78.6,91.9,1
-0.33,2,4,69.9,68.0,0
0.45,6,4,74.1,78.5,1
0.74,5,3,89.5,78.7,1
1.06,6,2,83.3,76.9,1
-0.24,6,1,89.3,77.3,1
0.12,1,1,81.3,76.4,0
-1.76,7,1,82.0,78.3,0
-0.1,6,4,60.2,84.1,1
-0.02,1,1,74.8,89.4,0
-0.42,7,3,75.8,67.7,1
0.53,4,4,90.2,74.1,1
0.36,2,2,72.9,71.4,1
-1.41,1,3,80.6,69.8,0
0.57,2,4,80.3,58.2,1
-0.34,0,2,89.6,76.3,0
0.79,5,2,76.7,81.3,1
-0.63,5,1,86.3,74.3,1
0.42,5,2,61.0,75.9,1
0.17,4,4,61.9,80.6,1
0.64,2,3,55.2,91.5,1
0.5,5,1,85.9,71.4,1
0.2,6,3,84.7,63.1,1
-0.83,0,3,87.0,75.0,0
-0.78,3,1,71.2,96.7,0
-0.07,7,4,72.4,63.2,1
0.39,6,1,76.8,83.2,1
-0.09,7,2,92.4,88.7,1
0.9,1,2,94.9,50.0,1
0.18,3,3,85.9,80.5,1
-0.37,1,4,81.3,82.6,1
0.18,6,1,91.4,73.1,1
0.58,4,2,75.4,68.9,1
0.66,1,2,74.1,69.5,1
1.9,0,4,76.7,72.4,1
-0.14,5,4,68.2,72.7,1
0.34,6,2,76.2,70.6,1
0.74,7,3,66.8,72.2,1
0.38,7,4,88.3,89.1,1
-0.0,6,4,83.4,62.6,1
-0.84,6,3,92.3,56.8,1
-0.01,6,3,61.7,89.3,1
-0.46,7,4,97.0,73.9,1
-0.98,3,1,62.3,71.7,0
-0.24,6,2,66.0,74.8,0
-0.44,6,3,71.8,78.3,1
0.87,0,1,91.1,70.2,1
0.88,5,3,80.3,81.6,1
-0.32,2,4,75.6,65.4,0
0.19,1,1,70.1,72.7,1
-1.09,1,4,64.2,51.6,0
0.0,0,2,89.3,88.9,1
0.72,7,4,86.0,74.1,1
1.06,6,3,91.5,83.4,1
-0.17,0,1,82.0,81.2,0
1.24,5,3,51.6,82.0,1
-0.81,5,1,65.6,75.9,0
-0.6,4,1,82.6,80.3,0
0.97,4,4,74.3,65.4,1
1.74,7,4,72.4,63.1,1
0.79,4,1,67.0,74.9,1
0.37,5,2,87.5,68.5,1
-1.36,4,1,82.6,91.7,0
-1.22,3,2,83.0,80.1,1
0.5,7,4,71.7,68.1,1
0.11,3,1,79.8,73.0,1
-0.48,6,3,64.6,77.5,1
0.45,4,4,76.7,75.3,1
0.49,5,4,52.7,79.0,1
1.16,6,2,62.3,76.8,1
0.51,5,3,74.8,60.7,1
1.38,4,2,100.0,52.3,1
0.41,4,1,60.0,71.9,0
0.31,4,1,65.6,82.2,1
1.25,2,3,80.2,72.0,1
-0.38,5,3,95.7,89.6,1
2.65,7,3,80.0,75.5,1
0.7,5,4,85.0,90.9,1
0.7,6,3,74.6,88.7,1
0.82,6,2,72.9,87.6,1
1.9,2,2,78.8,62.8,1
1.03,0,4,71.4,76.2,1
-0.88,2,4,85.2,89.5,1
1.52,6,1,61.9,79.0,1
0.13,6,4,86.9,82.1,1
0.49,4,1,78.4,60.7,1
-0.62,6,4,75.9,97.1,1
0.82,0,3,61.6,67.3,1
-0.12,5,3,68.2,54.1,1
0.48,5,3,90.0,72.1,1
0.17,4,3,75.9,49.1,1
1.94,5,2,80.8,64.1,1
1.99,3,4,69.2,100.0,1
0.44,4,3,77.7,71.8,1
0.45,4,3,64.3,60.3,1
0.1,6,2,79.0,76.3,1
1.28,1,1,81.7,66.1,1
0.14,2,3,81.2,85.5,1
0.06,3,2,69.0,66.2,1
1.18,1,3,74.6,79.0,1
-0.03,2,2,83.4,63.4,1
0.37,2,4,75.9,100.0,1
-0.87,2,3,75.1,81.5,0
0.96,3,2,97.0,74.4,1
1.95,4,3,68.5,72.8,1
0.98,5,3,88.8,69.9,1
1.57,2,3,66.5,67.6,1
-0.28,6,3,84.5,67.3,1
0.59,3,4,85.1,94.5,1
-0.35,5,2,72.9,69.9,1
0.22,0,2,65.8,52.6,0
1.02,1,2,58.3,63.2,1
0.48,3,3,71.8,86.2,1
-0.73,2,4,83.3,73.2,1
-0.65,3,3,67.2,74.5,0
-0.7,1,1,79.0,88.9,0
0.79,3,4,63.2,67.5,1
2.05,5,4,75.7,83.0,1
1.49,5,2,66.5,68.7,1
-1.12,1,1,77.2,82.3,0
1.54,2,2,73.0,71.7,1
1.15,4,4,66.1,73.3,1
-0.84,4,3,71.4,85.0,1
0.16,6,1,68.7,84.2,1
1.28,3,1,64.9,74.2,1
0.84,5,4,88.8,70.8,1
-0.65,7,2,74.4,93.6,1
0.89,2,3,56.0,82.5,1
-1.31,6,2,71.8,71.7,0
0.22,2,1,87.1,68.8,1
1.31,2,2,70.4,87.3,1
0.41,5,3,93.0,77.3,1
0.0,4,2,69.4,74.2,1
1.11,4,3,83.0,77.3,1
1.18,1,2,88.4,79.7,1
1.45,0,2,82.5,75.4,1
1.1,7,2,64.3,89.2,1
1.27,6,2,68.6,89.9,1
0.99,7,2,89.7,81.9,1
0.61,4,3,70.0,91.1,1
0.47,7,2,87.8,76.1,1
0.21,3,3,73.7,83.6,1
-0.57,0,2,79.4,87.0,0
-0.36,1,2,64.1,87.2,0
0.17,2,4,71.9,86.1,1
0.59,3,4,69.2,82.9,1
1.55,7,2,80.3,97.5,1
0.37,2,2,78.9,70.1,0
1.2,4,3,82.6,74.3,1
1.26,2,1,73.1,73.6,1
0.21,5,2,68.7,72.0,1
0.88,4,3,79.8,54.1,1
0.21,1,3,67.7,91.1,1
1.46,3,1,88.8,64.7,1
0.91,0,1,76.9,77.9,1
-0.55,7,2,74.7,60.4,1
0.53,5,1,82.6,82.8,1
1.72,7,3,77.2,67.4,1
0.26,7,4,61.4,63.5,1
0.76,1,2,67.4,78.1,1
0.84,5,2,88.6,68.3,1
-0.43,0,1,78.8,69.7,0
0.81,7,1,61.2,77.9,1
-0.72,6,3,81.5,84.8,1
-0.1,5,2,72.4,67.0,1
1.26,7,3,69.3,65.1,1
0.69,6,3,66.6,76.3,1
0.16,6,4,88.0,81.9,1
0.76,0,1,58.3,92.1,1
0.35,0,3,69.6,64.2,0
0.41,7,4,79.2,72.5,1
0.93,2,2,93.8,88.9,1
-0.18,3,1,83.5,97.7,1
0.43,0,2,69.5,65.1,0
0.15,4,4,93.3,67.9,1
-0.87,6,4,64.4,80.2,1
-0.34,6,2,80.7,69.6,1
1.65,4,1,82.9,67.6,1
0.71,5,2,69.2,78.7,1
-0.66,4,1,85.0,93.0,0
-0.83,3,3,72.9,61.6,0
0.31,4,4,85.0,92.5,1
1.65,7,1,59.6,69.7,1
0.25,2,3,81.3,79.8,1
1.45,3,4,73.9,93.5,1
0.68,4,3,89.5,79.6,1
0.78,4,4,77.6,72.7,1
-0.67,0,1,90.5,83.9,0
1.15,2,3,83.1,74.1,1
0.13,5,1,76.7,81.7,1
1.09,5,4,85.9,73.7,1
-0.25,5,2,85.9,85.5,1
0.54,7,1,82.7,60.7,1
0.68,5,3,55.1,64.9,1
0.28,4,3,68.2,60.5,1
0.72,2,2,91.8,75.4,1
0.19,2,2,65.4,59.2,0
-0.12,6,1,86.8,68.4,1
1.68,3,4,85.1,63.8,1
1.24,5,1,70.7,92.3,1
-0.21,0,4,58.0,65.1,0
0.85,1,3,72.3,61.8,1
-0.19,1,3,98.8,78.7,0
-0.55,1,3,69.4,94.6,1
1.23,4,4,70.1,74.7,1
-0.96,5,1,68.0,75.6,1
1.14,4,4,90.1,90.2,1
0.2,2,1,75.6,85.7,1
0.23,4,4,71.7,80.7,1
0.73,0,2,92.1,69.6,1
0.86,3,4,83.8,81.0,1
-0.26,1,1,68.8,61.0,0
0.97,0,2,65.8,69.1,0
0.49,1,3,89.6,91.7,1
-0.6,0,4,78.2,90.3,0
0.26,3,1,62.5,80.8,1
1.51,4,1,60.2,54.8,1
1.74,4,3,66.8,62.7,1
0.97,3,1,65.6,68.5,1
-0.55,1,4,57.5,74.1,0
0.79,0,1,67.0,62.2,0
1.08,5,4,68.8,73.3,1
0.98,7,3,73.4,95.4,1
1.03,2,4,94.9,80.4,1
0.69,1,1,75.3,78.4,1
0.34,2,2,76.3,64.8,1
-0.09,1,2,83.1,58.0,0
-1.12,1,1,75.6,62.5,0
0.67,3,1,82.0,57.5,1
0.55,6,2,80.8,76.8,1
0.85,5,3,79.2,80.2,1
-0.67,7,3,100.0,65.4,1
0.92,2,1,87.1,77.6,1
2.04,3,1,67.2,92.2,1
0.46,3,3,81.7,97.5,1
0.35,0,2,70.1,84.5,1
0.65,3,4,82.5,74.1,1
2.03,2,2,64.2,84.1,1
-0.42,3,2,66.9,90.9,1
0.56,1,1,81.4,53.9,1
-0.24,5,2,88.0,92.3,1
-0.04,6,3,83.0,70.0,1
0.36,7,2,86.5,70.1,1
1.48,0,3,81.7,72.1,1
1.84,0,1,79.7,79.5,1
0.76,7,3,73.0,63.8,1
0.1,6,2,86.1,72.9,1
2.39,4,4,88.2,81.8,1
0.06,2,2,77.4,78.4,1
-0.06,4,1,76.8,80.2,1
-1.02,4,3,93.9,72.4,0
1.52,6,1,77.8,83.6,1
1.17,4,4,78.8,87.6,1
2.33,0,2,82.8,87.0,1
-0.71,5,4,77.0,80.7,1
1.57,6,3,69.8,86.3,1
0.46,2,2,81.8,85.6,1
1.04,0,3,77.6,100.0,1
-0.92,1,1,96.4,89.4,0
1.57,6,1,85.9,75.0,1
1.03,3,4,72.0,66.0,1
0.37,4,4,85.3,73.1,1
0.92,7,4,81.1,72.4,1
-0.21,0,2,91.1,81.6,0
-0.06,1,2,72.8,68.3,0
0.03,6,2,79.9,89.1,1
-1.08,4,3,77.0,60.7,0
1.09,0,3,78.6,58.0,1
1.35,5,4,69.1,74.5,1
-0.16,1,4,83.8,66.7,1
0.68,6,2,82.2,62.2,1
0.19,6,3,90.9,69.0,1
0.66,6,3,77.9,67.6,1
-0.1,3,4,73.9,76.1,0
-0.31,2,2,85.9,69.2,0
1.24,7,1,70.1,70.1,1
0.35,4,2,88.8,75.9,1
2.02,5,3,88.8,87.2,1
0.44,1,4,90.6,92.2,1
-0.34,4,4,81.8,77.6,1
1.38,4,1,73.1,78.5,1
0.9,2,3,79.1,74.0,1
0.98,6,1,81.8,81.3,1
1.35,1,2,72.4,80.3,1
-0.12,5,4,91.3,90.6,1
0.3,7,4,83.8,55.2,1
0.26,4,1,69.1,73.4,1
-0.63,0,1,96.8,79.7,0
0.19,4,3,79.0,75.7,1
1.47,4,2,67.1,65.7,1
0.59,4,2,69.7,61.7,0
-0.68,2,4,92.9,84.9,0
-0.84,5,4,96.2,67.7,1
1.73,2,4,88.1,56.7,1
0.33,4,4,91.2,85.4,1
-0.12,4,4,90.2,81.0,1
0.18,5,3,83.6,74.7,1
-0.78,6,4,81.3,65.9,1
1.54,7,3,83.4,74.8,1
0.09,6,1,85.4,89.4,1
1.49,6,4,70.6,58.2,1
0.44,6,4,85.3,58.8,1
1.54,1,2,92.6,69.1,1
0.61,2,2,75.9,75.7,1
1.08,4,3,74.9,70.5,1
0.98,3,3,82.8,83.1,1
0.9,5,3,71.5,88.0,1
0.68,0,2,64.8,79.1,1
0.21,1,4,89.5,82.2,1
1.93,5,4,73.5,79.0,1
-0.33,6,4,78.2,76.1,1
0.4,2,3,71.9,61.8,1
0.41,2,1,90.8,64.7,1
0.72,4,4,86.5,61.1,1
0.06,3,1,75.6,74.4,1
0.65,1,1,66.2,78.6,1
0.26,4,2,74.5,60.1,1
-0.87,6,1,83.7,76.8,1
0.41,5,3,79.9,66.4,1
-0.48,6,2,79.1,64.2,1
-0.99,5,1,80.1,69.1,1
0.51,7,1,85.6,63.7,1
0.79,1,1,77.6,82.7,1
0.82,0,3,82.5,74.2,1
0.85,0,4,68.1,85.0,1
-1.15,7,2,100.0,71.1,1
-0.69,5,1,75.2,71.5,0
1.98,1,3,80.0,96.6,1
-0.44,6,4,83.7,58.1,1
0.89,2,1,73.9,90.1,1
-0.15,4,4,78.1,94.2,1
0.46,1,1,78.0,84.4,1
-0.11,0,2,68.9,72.4,0
0.85,2,3,82.4,91.7,1
0.51,1,1,61.5,72.5,1
0.04,4,2,95.5,68.2,1
-0.44,0,1,85.9,71.7,0
0.61,1,1,84.4,69.7,1
-0.57,4,4,60.6,65.6,0
0.74,3,1,70.1,88.2,1
2.5,5,1,91.9,67.5,1
1.48,5,1,100.0,75.7,1
0.97,7,1,89.9,60.1,1
0.33,6,3,88.4,76.3,1
-1.15,1,4,83.2,63.3,0
-0.66,5,1,69.5,63.0,0
1.43,5,3,88.0,74.8,1
-0.23,4,2,67.0,87.6,0
-0.16,6,1,65.9,80.8,0
0.27,1,3,65.3,81.6,1
-0.45,3,1,87.8,74.6,1
-0.58,6,3,77.4,72.3,1
0.36,7,3,79.0,84.7,1
-0.31,0,3,77.8,69.8,0
-0.19,3,1,66.7,85.2,0
-0.22,2,2,71.3,89.6,0
0.82,1,3,71.8,66.7,1
0.21,0,4,63.9,68.4,1
0.26,4,1,73.0,70.0,1
0.88,5,2,67.2,59.9,1
0.29,4,4,83.8,70.8,1
0.18,2,2,84.6,90.3,1
0.78,6,2,65.1,64.5,1
0.93,5,4,75.0,90.6,1
0.28,7,4,96.6,71.2,1
0.46,2,3,68.2,99.3,1
-0.23,1,3,82.3,68.5,0
-0.29,3,3,79.1,74.4,1
1.02,4,2,88.9,66.0,1
0.76,3,4,81.0,68.4,1
0.76,6,1,73.7,90.7,1
0.62,0,1,78.7,81.2,1
0.44,4,3,78.8,87.3,1
0.96,3,4,77.1,61.5,1
1.15,1,4,64.8,83.2,1
1.13,5,3,90.4,65.3,1
0.32,6,2,88.7,61.3,1
1.51,4,2,67.6,78.6,1
0.58,0,2,75.0,78.5,1
0.91,0,2,75.7,76.6,1
0.63,3,2,66.4,83.9,1
0.6,5,1,59.3,85.6,1
-0.19,2,2,71.3,92.2,1
0.96,2,4,74.4,62.9,1
2.68,6,3,63.6,92.5,1
0.1,0,1,79.8,96.7,1
0.46,0,2,89.6,72.0,1
0.04,1,2,86.4,57.6,0
0.01,7,2,76.7,60.8,1
1.64,3,3,59.6,70.9,1
-0.14,1,4,85.2,98.2,1
0.02,2,3,79.5,76.2,1
-0.87,7,2,82.2,69.2,1
-0.21,5,1,97.4,68.5,1
-0.97,1,1,69.8,61.5,0
0.91,1,4,49.3,85.6,1
2.64,0,3,67.5,75.0,1
0.11,6,3,82.9,99.1,1
-0.93,1,3,78.3,82.9,0
1.12,2,4,65.8,85.1,1
-0.18,2,4,63.8,73.3,0
1.44,4,1,74.5,64.0,1
0.17,4,2,65.5,66.4,1
-0.11,6,1,83.2,60.9,1
0.26,2,2,73.9,86.0,1
1.01,3,3,71.7,71.8,1
0.22,3,1,70.4,86.5,1
0.0,0,1,80.6,77.5,0
0.24,5,2,78.4,72.8,1
-0.62,4,3,80.0,63.1,1
0.72,3,3,79.8,79.3,1
-1.03,7,1,77.3,73.6,1
0.04,1,1,67.7,85.9,0
1.01,7,4,70.7,68.1,1
0.64,5,3,74.1,82.8,1
0.87,1,4,98.7,94.0,1
0.35,5,4,64.5,79.0,1
1.34,6,4,73.8,84.6,1
1.14,2,3,79.0,82.3,1
0.76,2,4,75.0,96.9,1
1.14,6,2,88.7,80.1,1
1.0,1,4,74.9,83.7,1
0.05,0,2,75.7,75.6,0
-0.68,5,2,86.1,67.5,1
0.74,7,3,96.1,62.7,1
0.84,4,2,92.1,89.9,1
1.27,1,1,76.6,64.9,1
-0.35,4,4,77.5,84.2,1
-0.33,2,2,78.5,80.6,0
0.77,6,4,79.5,86.1,1
0.34,4,2,69.5,70.3,1
-1.11,2,4,87.4,67.3,0
0.7,4,3,80.1,80.2,1
-1.08,5,4,77.6,72.8,1
-0.36,5,4,65.3,62.5,1
1.48,2,1,78.6,97.3,1
1.86,4,4,59.1,67.3,1
-0.57,0,4,72.2,65.1,0
0.14,3,3,72.4,73.3,1
0.43,3,4,80.9,89.8,1
1.82,4,4,96.8,52.2,1
0.01,7,3,83.7,88.9,1
0.02,7,2,92.5,66.0,1
1.64,3,4,84.5,78.9,1
0.1,5,1,89.3,68.6,1
0.98,0,3,96.6,97.9,1
-0.78,3,4,70.7,77.4,1
0.26,5,4,70.0,68.2,1
-0.93,5,2,84.7,72.7,0
-0.44,7,1,78.0,77.0,1
1.07,3,2,80.2,78.0,1
0.36,7,4,75.5,80.8,1
0.14,7,3,72.0,76.0,1
-0.2,4,1,94.2,60.9,1
0.22,0,1,67.0,72.3,0
0.64,3,2,84.9,82.7,1
1.19,6,2,83.2,68.6,1
-1.7,4,1,62.2,83.4,0
-0.27,7,2,69.7,76.3,1
0.53,6,2,71.4,73.6,1
0.32,0,1,83.6,89.1,1
0.72,6,1,74.3,56.9,1
0.61,2,3,77.1,68.6,0
0.16,6,4,63.4,89.6,1
-0.02,4,4,100.0,96.1,1
0.2,3,3,78.7,100.0,1
1.32,0,1,83.0,76.6,1
-0.19,0,4,72.6,81.0,0
0.35,4,4,71.5,85.0,1
0.55,4,2,97.1,90.0,1
1.65,4,2,58.8,79.4,1
0.16,1,1,80.8,86.2,0
1.17,4,4,65.9,81.1,1
1.39,0,4,73.9,81.7,1
0.35,1,1,71.6,65.9,0
0.23,3,3,68.1,72.4,1
0.14,4,2,78.4,70.2,1
0.2,5,3,52.3,62.9,1
1.08,7,1,74.8,57.8,1
0.58,6,4,77.1,71.3,1
0.59,3,2,64.4,73.1,1
-0.5,6,4,93.1,77.2,1
-0.37,0,1,72.1,82.1,0
2.11,6,3,75.6,78.1,1
0.26,3,2,72.1,73.2,1
-0.22,6,4,77.2,65.9,1
1.54,7,3,91.1,85.6,1
0.63,5,3,100.0,74.9,1
0.86,7,1,85.5,71.2,1
0.29,0,3,88.9,73.9,1
0.15,1,1,95.2,67.9,0
0.26,5,2,80.5,70.2,1
-0.71,4,1,93.7,69.8,1
0.33,0,1,85.9,72.8,0
0.64,5,3,79.4,83.2,1
1.88,0,1,81.5,80.5,1
0.47,7,3,59.8,93.0,1
-1.47,1,4,80.9,89.3,0
0.32,3,1,62.6,97.5,1
2.59,6,3,61.7,82.2,1
1.09,4,2,79.9,82.0,1
-0.25,5,2,66.9,70.6,1
0.87,5,3,77.9,85.1,1
-0.19,7,3,79.4,68.8,1
-0.68,3,3,79.8,59.8,1
0.12,7,1,69.0,92.8,1
0.47,4,3,87.0,62.3,1
-1.1,7,2,77.1,80.8,1
-0.52,5,2,82.4,66.3,1
0.41,1,4,66.0,88.4,1
0.07,5,1,76.2,89.9,1
0.72,7,2,89.0,81.8,1
-0.57,1,2,87.7,89.7,0
0.97,6,1,70.0,76.1,1
-0.55,0,4,72.5,100.0,0
1.71,6,2,68.1,84.2,1
-0.97,6,3,71.4,66.1,1
-0.47,1,2,64.0,76.8,0
0.73,5,4,76.6,74.3,1
1.73,0,3,84.3,73.2,1
0.65,4,2,70.1,57.8,1
0.85,7,4,77.1,80.3,1
0.41,1,4,75.8,60.8,1
-0.42,1,3,88.6,48.2,0
0.01,3,1,71.9,72.2,1
-0.57,2,3,72.2,67.7,0
-0.62,0,3,69.5,66.5,0
0.72,3,2,66.6,41.9,1
-0.5,2,1,83.3,66.6,0
0.66,0,3,76.6,74.1,0
-0.64,2,4,78.5,69.0,0
0.64,0,2,90.7,80.3,1
0.01,7,2,91.3,91.3,1
1.53,7,1,61.5,81.7,1
0.66,2,3,84.5,87.3,1
1.39,7,4,80.3,88.2,1
-0.2,3,4,73.4,64.8,1
0.44,7,2,81.3,80.8,1
-0.38,1,1,60.7,86.9,0
0.07,2,2,92.6,71.2,1
0.19,5,4,83.1,67.3,1
-0.18,1,1,69.3,81.8,0
-0.57,6,1,72.1,59.7,0
-0.73,3,4,61.0,64.0,0
-1.47,3,3,74.9,68.7,0
-0.45,3,1,73.2,81.0,0
0.9,6,1,64.7,78.4,1
-0.88,0,2,85.8,87.4,0
-0.69,6,3,90.8,65.9,1
1.83,6,4,77.7,65.3,1
-0.11,6,4,74.9,81.8,1
0.66,7,2,82.3,67.2,1
0.91,6,2,77.8,69.4,1
0.93,4,4,67.2,55.6,1
-0.82,3,4,71.5,79.2,1
0.22,3,1,75.0,93.0,1
-0.89,6,3,80.5,64.7,1
2.36,3,3,78.1,87.2,1
-0.88,4,1,80.1,75.3,1
-0.44,0,4,62.8,56.6,0
-0.43,2,2,84.7,66.2,0
-0.8,2,3,78.0,65.5,0
1.48,3,2,100.0,72.5,1
2.34,4,3,74.1,80.6,1
0.02,5,4,81.2,96.3,1
-0.66,3,2,100.0,60.3,1
-1.39,1,2,79.9,70.7,0
0.2,4,4,77.3,66.1,1
0.15,0,4,68.1,62.1,1
-0.12,6,4,93.3,77.0,1
0.58,6,4,66.4,76.0,1
0.72,1,3,82.3,56.0,0
0.66,2,4,73.3,76.2,1
0.15,0,4,76.1,62.7,1
-0.48,2,1,63.8,76.1,0
0.93,0,3,91.4,90.0,1
0.41,7,1,75.2,81.1,1
1.11,1,3,65.8,78.0,1
1.03,5,2,90.5,70.2,1
-0.74,4,2,73.0,76.7,0
-0.75,1,4,81.3,82.2,0
-0.2,6,3,86.4,81.1,1
-0.45,0,3,82.7,74.9,0
1.0,7,4,56.0,78.4,1
0.68,5,1,85.0,61.5,1
1.28,5,3,77.0,67.9,1
0.72,7,1,74.7,83.8,1
0.57,3,1,76.9,85.3,1
1.36,2,1,61.9,77.0,1
0.78,1,3,79.9,92.3,1
0.45,7,3,64.4,81.6,1
1.58,3,4,75.1,73.4,1
0.49,6,2,79.6,62.6,1
0.16,2,4,88.7,91.8,1
-0.27,7,2,69.8,84.5,1
0.96,6,1,92.5,95.8,1
1.39,2,1,87.5,99.8,1
0.36,3,1,73.7,61.8,1
1.45,6,2,66.9,61.9,1
-1.18,1,2,63.6,44.5,0
0.36,0,4,80.7,86.1,1
0.37,2,1,70.6,83.2,1
-0.18,4,2,90.0,77.1,1
2.31,1,4,71.2,62.5,1
0.35,2,1,69.0,75.0,1
0.07,7,2,80.3,78.0,1
0.42,0,1,71.1,84.6,0
-1.2,0,3,78.1,79.0,0
-0.21,3,4,87.9,83.3,1
1.19,0,1,79.2,74.6,1
-0.1,0,2,79.2,89.0,1
-0.26,1,2,80.1,82.9,1
1.45,0,4,61.1,62.9,1
1.47,6,4,81.9,91.3,1
0.81,0,1,79.6,89.5,1
0.04,4,2,86.9,81.1,1
0.21,5,4,84.1,79.1,1
-0.24,5,1,76.0,94.2,1
-0.4,5,4,88.3,58.0,1
-0.44,2,1,75.1,89.7,0
-0.09,7,3,80.5,70.8,1
-0.43,0,4,74.9,88.0,0
-0.85,0,3,82.6,77.3,0
0.58,6,4,74.2,62.3,1
0.59,0,3,94.5,70.5,1
1.76,1,1,98.2,87.2,1
-0.13,1,3,86.7,73.7,0
0.64,0,3,93.4,69.2,1
0.65,0,2,62.6,69.1,1
0.2,4,1,63.8,83.1,1
1.0,5,3,74.8,95.3,1
1.02,0,3,78.4,52.5,1
0.66,7,4,76.0,100.0,1
0.2,0,1,61.6,78.2,0
0.11,5,3,89.5,82.4,1
-0.69,6,4,99.5,71.2,1
-0.24,4,4,90.8,76.0,1
-0.1,3,4,88.9,78.1,1
-0.5,0,1,80.3,64.5,0
0.75,1,1,69.6,67.1,0
1.36,6,3,78.7,89.0,1
-0.33,2,2,99.1,58.9,0
0.63,0,1,74.5,80.9,1
-0.43,5,1,73.5,71.9,1
0.16,5,1,89.1,65.4,1
-0.15,0,2,89.7,97.7,0
0.88,0,3,69.5,65.5,1
-0.14,0,1,75.4,63.6,0
1.21,0,1,73.0,73.9,1
0.2,4,2,78.7,67.5,1
-0.12,1,4,89.0,76.1,1
-0.6,4,4,70.0,77.7,1
